Workbook

Sheet DASHBOARD
A1: DASHBOARD DE COMBUSTIBLE - UE 0725 AMAZONAS
A3: REPORTE 2025 | F3: REPORTE DE COMBUSTIBLE DE FUAS INGRESADAS - 2026
A4: COMBUSTIBLE | B4: GALONES | C4: SOLES S/. | F4: MES | G4: TRASLADOS | H4: GAL PET | I4: GAL GAS | J4: TOT GAL | K4: S/. PET | L4: S/. GAS | M4: TOT S/.
A5: PETROLEO | B5: 8761 | C5: 164087.8 | F5: ENE | G5: =IFERROR(COUNTA('ENERO 2026'!A6:A119),0) -> 94 | H5: =IFERROR(SUMIFS('ENERO 2026'!M6:M119,'ENERO 2026'!K6:K119,"PETROLEO"),0) -> 630.55 | I5: =IFERROR(SUMIFS('ENERO 2026'!M6:M119,'ENERO 2026'!K6:K119,"GASOLINA"),0) -> 36 | J5: =H5+I5 -> 666.55 | K5: =IFERROR(SUMIFS('ENERO 2026'!N6:N119,'ENERO 2026'!K6:K119,"PETROLEO"),0) -> 11876.468 | L5: =IFERROR(SUMIFS('ENERO 2026'!N6:N119,'ENERO 2026'!K6:K119,"GASOLINA"),0) -> 646.2 | M5: =K5+L5 -> 12522.667
A6: GASOLINA | B6: 1274 | C6: 22870.2 | F6: FEB | G6: =IFERROR(COUNTA('FEBRERO 2026'!A6:A124),0) -> 99 | H6: =IFERROR(SUMIFS('FEBRERO 2026'!M6:M124,'FEBRERO 2026'!K6:K124,"PETROLEO"),0) -> 676.09 | I6: =IFERROR(SUMIFS('FEBRERO 2026'!M6:M124,'FEBRERO 2026'!K6:K124,"GASOLINA"),0) -> 138 | J6: =H6+I6 -> 814.09 | K6: =IFERROR(SUMIFS('FEBRERO 2026'!N6:N124,'FEBRERO 2026'!K6:K124,"PETROLEO"),0) -> 12648.233 | L6: =IFERROR(SUMIFS('FEBRERO 2026'!N6:N124,'FEBRERO 2026'!K6:K124,"GASOLINA"),0) -> 2477.1 | M6: =K6+L6 -> 15125.333
A7: TOTAL | B7: 10035 | C7: 186958 | F7: MAR | G7: =IFERROR(COUNTA('MARZO 2026'!A6:A119),0) -> 94 | H7: =IFERROR(SUMIFS('MARZO 2026'!M6:M119,'MARZO 2026'!K6:K119,"PETROLEO"),0) -> 330.16 | I7: =IFERROR(SUMIFS('MARZO 2026'!M6:M119,'MARZO 2026'!K6:K119,"GASOLINA"),0) -> 55 | J7: =H7+I7 -> 385.16 | K7: =IFERROR(SUMIFS('MARZO 2026'!N6:N119,'MARZO 2026'!K6:K119,"PETROLEO"),0) -> 6263.46 | L7: =IFERROR(SUMIFS('MARZO 2026'!N6:N119,'MARZO 2026'!K6:K119,"GASOLINA"),0) -> 987.25 | M7: =K7+L7 -> 7250.71
F8: ABR | G8: =IFERROR(COUNTA('ABRIL 2026'!A6:A119),0) -> 94 | H8: =IFERROR(SUMIFS('ABRIL 2026'!M6:M119,'ABRIL 2026'!K6:K119,"PETROLEO"),0) -> 0 | I8: =IFERROR(SUMIFS('ABRIL 2026'!M6:M119,'ABRIL 2026'!K6:K119,"GASOLINA"),0) -> 0 | J8: =H8+I8 -> 0 | K8: =IFERROR(SUMIFS('ABRIL 2026'!N6:N119,'ABRIL 2026'!K6:K119,"PETROLEO"),0) -> 0 | L8: =IFERROR(SUMIFS('ABRIL 2026'!N6:N119,'ABRIL 2026'!K6:K119,"GASOLINA"),0) -> 0 | M8: =K8+L8 -> 0
F9: MAY | G9: =IFERROR(COUNTA('MAYO 2026'!A6:A110),0) -> 0 | H9: =IFERROR(SUMIFS('MAYO 2026'!M6:M110,'MAYO 2026'!K6:K110,"PETROLEO"),0) -> 0 | I9: =IFERROR(SUMIFS('MAYO 2026'!M6:M110,'MAYO 2026'!K6:K110,"GASOLINA"),0) -> 0 | J9: =H9+I9 -> 0 | K9: =IFERROR(SUMIFS('MAYO 2026'!N6:N110,'MAYO 2026'!K6:K110,"PETROLEO"),0) -> 0 | L9: =IFERROR(SUMIFS('MAYO 2026'!N6:N110,'MAYO 2026'!K6:K110,"GASOLINA"),0) -> 0 | M9: =K9+L9 -> 0
F10: JUN | G10: =IFERROR(COUNTA('JUNIO 2026'!A6:A110),0) -> 0 | H10: =IFERROR(SUMIFS('JUNIO 2026'!M6:M110,'JUNIO 2026'!K6:K110,"PETROLEO"),0) -> 0 | I10: =IFERROR(SUMIFS('JUNIO 2026'!M6:M110,'JUNIO 2026'!K6:K110,"GASOLINA"),0) -> 0 | J10: =H10+I10 -> 0 | K10: =IFERROR(SUMIFS('JUNIO 2026'!N6:N110,'JUNIO 2026'!K6:K110,"PETROLEO"),0) -> 0 | L10: =IFERROR(SUMIFS('JUNIO 2026'!N6:N110,'JUNIO 2026'!K6:K110,"GASOLINA"),0) -> 0 | M10: =K10+L10 -> 0
A11: REPORTE 2026 | F11: JUL | G11: =IFERROR(COUNTA('JULIO 2026'!A6:A110),0) -> 0 | H11: =IFERROR(SUMIFS('JULIO 2026'!M6:M110,'JULIO 2026'!K6:K110,"PETROLEO"),0) -> 0 | I11: =IFERROR(SUMIFS('JULIO 2026'!M6:M110,'JULIO 2026'!K6:K110,"GASOLINA"),0) -> 0 | J11: =H11+I11 -> 0 | K11: =IFERROR(SUMIFS('JULIO 2026'!N6:N110,'JULIO 2026'!K6:K110,"PETROLEO"),0) -> 0 | L11: =IFERROR(SUMIFS('JULIO 2026'!N6:N110,'JULIO 2026'!K6:K110,"GASOLINA"),0) -> 0 | M11: =K11+L11 -> 0
A12: COMBUSTIBLE | B12: GALONES | C12: SOLES S/. | F12: AGO | G12: =IFERROR(COUNTA('AGOSTO 2026'!A6:A110),0) -> 0 | H12: =IFERROR(SUMIFS('AGOSTO 2026'!M6:M110,'AGOSTO 2026'!K6:K110,"PETROLEO"),0) -> 0 | I12: =IFERROR(SUMIFS('AGOSTO 2026'!M6:M110,'AGOSTO 2026'!K6:K110,"GASOLINA"),0) -> 0 | J12: =H12+I12 -> 0 | K12: =IFERROR(SUMIFS('AGOSTO 2026'!N6:N110,'AGOSTO 2026'!K6:K110,"PETROLEO"),0) -> 0 | L12: =IFERROR(SUMIFS('AGOSTO 2026'!N6:N110,'AGOSTO 2026'!K6:K110,"GASOLINA"),0) -> 0 | M12: =K12+L12 -> 0
A13: PETROLEO | B13: =SUM(H5:H16) -> 1636.8 | C13: =SUM(K5:K16) -> 30788.16 | F13: SET | G13: =IFERROR(COUNTA('SETIEMBRE 2026'!A6:A110),0) -> 0 | H13: =IFERROR(SUMIFS('SETIEMBRE 2026'!M6:M110,'SETIEMBRE 2026'!K6:K110,"PETROLEO"),0) -> 0 | I13: =IFERROR(SUMIFS('SETIEMBRE 2026'!M6:M110,'SETIEMBRE 2026'!K6:K110,"GASOLINA"),0) -> 0 | J13: =H13+I13 -> 0 | K13: =IFERROR(SUMIFS('SETIEMBRE 2026'!N6:N110,'SETIEMBRE 2026'!K6:K110,"PETROLEO"),0) -> 0 | L13: =IFERROR(SUMIFS('SETIEMBRE 2026'!N6:N110,'SETIEMBRE 2026'!K6:K110,"GASOLINA"),0) -> 0 | M13: =K13+L13 -> 0
A14: GASOLINA | B14: =SUM(I5:I16) -> 229 | C14: =SUM(L5:L16) -> 4110.55 | F14: OCT | G14: =IFERROR(COUNTA('OCTUBRE 2026'!A6:A110),0) -> 0 | H14: =IFERROR(SUMIFS('OCTUBRE 2026'!M6:M110,'OCTUBRE 2026'!K6:K110,"PETROLEO"),0) -> 0 | I14: =IFERROR(SUMIFS('OCTUBRE 2026'!M6:M110,'OCTUBRE 2026'!K6:K110,"GASOLINA"),0) -> 0 | J14: =H14+I14 -> 0 | K14: =IFERROR(SUMIFS('OCTUBRE 2026'!N6:N110,'OCTUBRE 2026'!K6:K110,"PETROLEO"),0) -> 0 | L14: =IFERROR(SUMIFS('OCTUBRE 2026'!N6:N110,'OCTUBRE 2026'!K6:K110,"GASOLINA"),0) -> 0 | M14: =K14+L14 -> 0
A15: TOTAL | B15: =B13+B14 -> 1865.8 | C15: =C13+C14 -> 34898.71 | F15: NOV | G15: =IFERROR(COUNTA('NOVIEMBRE 2026'!A6:A110),0) -> 0 | H15: =IFERROR(SUMIFS('NOVIEMBRE 2026'!M6:M110,'NOVIEMBRE 2026'!K6:K110,"PETROLEO"),0) -> 0 | I15: =IFERROR(SUMIFS('NOVIEMBRE 2026'!M6:M110,'NOVIEMBRE 2026'!K6:K110,"GASOLINA"),0) -> 0 | J15: =H15+I15 -> 0 | K15: =IFERROR(SUMIFS('NOVIEMBRE 2026'!N6:N110,'NOVIEMBRE 2026'!K6:K110,"PETROLEO"),0) -> 0 | L15: =IFERROR(SUMIFS('NOVIEMBRE 2026'!N6:N110,'NOVIEMBRE 2026'!K6:K110,"GASOLINA"),0) -> 0 | M15: =K15+L15 -> 0
F16: DIC | G16: =IFERROR(COUNTA('DICIEMBRE 2026'!A6:A110),0) -> 0 | H16: =IFERROR(SUMIFS('DICIEMBRE 2026'!M6:M110,'DICIEMBRE 2026'!K6:K110,"PETROLEO"),0) -> 0 | I16: =IFERROR(SUMIFS('DICIEMBRE 2026'!M6:M110,'DICIEMBRE 2026'!K6:K110,"GASOLINA"),0) -> 0 | J16: =H16+I16 -> 0 | K16: =IFERROR(SUMIFS('DICIEMBRE 2026'!N6:N110,'DICIEMBRE 2026'!K6:K110,"PETROLEO"),0) -> 0 | L16: =IFERROR(SUMIFS('DICIEMBRE 2026'!N6:N110,'DICIEMBRE 2026'!K6:K110,"GASOLINA"),0) -> 0 | M16: =K16+L16 -> 0
F17: TOTAL | G17: =SUM(G5:G16) -> 381 | H17: =SUM(H5:H16) -> 1636.8 | I17: =SUM(I5:I16) -> 229 | J17: =SUM(J5:J16) -> 1865.8 | K17: =SUM(K5:K16) -> 30788.16 | L17: =SUM(L5:L16) -> 4110.55 | M17: =SUM(M5:M16) -> 34898.71
A20: ⛽ PETROLEO - COMBUSTIBLE ACUMULADO 2026 POR IPRESS
A21: N° | B21: IPRESS | C21: MICRORED | D21: GALONES PETROLEO | E21: SOLES S/. PETROLEO
A22: 1 | B22: Camporredondo | C22: CAMPORREDONDO | D22: =IFERROR(SUMIF(_CALCULO!$A$2:$A$397,"CAMPORREDONDO",_CALCULO!$C$2:$C$397),0) -> 40 | E22: =IFERROR(SUMIF(_CALCULO!$A$2:$A$397,"CAMPORREDONDO",_CALCULO!$D$2:$D$397),0) -> 727.2
A23: 2 | B23: Chuquibamba | C23: LEIMEBAMBA | D23: =IFERROR(SUMIF(_CALCULO!$A$2:$A$397,"CHUQUIBAMBA",_CALCULO!$C$2:$C$397),0) -> 15 | E23: =IFERROR(SUMIF(_CALCULO!$A$2:$A$397,"CHUQUIBAMBA",_CALCULO!$D$2:$D$397),0) -> 272.7
A24: 3 | B24: Cococho | C24: CAMPORREDONDO | D24: =IFERROR(SUMIF(_CALCULO!$A$2:$A$397,"COCOCHO",_CALCULO!$C$2:$C$397),0) -> 62 | E24: =IFERROR(SUMIF(_CALCULO!$A$2:$A$397,"COCOCHO",_CALCULO!$D$2:$D$397),0) -> 1127.16
A25: 4 | B25: Colcamar | C25: CHACHAPOYAS | D25: =IFERROR(SUMIF(_CALCULO!$A$2:$A$397,"COLCAMAR",_CALCULO!$C$2:$C$397),0) -> 28 | E25: =IFERROR(SUMIF(_CALCULO!$A$2:$A$397,"COLCAMAR",_CALCULO!$D$2:$D$397),0) -> 509.04
A26: 5 | B26: Collonce | C26: COLLONCE | D26: =IFERROR(SUMIF(_CALCULO!$A$2:$A$397,"COLLONCE",_CALCULO!$C$2:$C$397),0) -> 100 | E26: =IFERROR(SUMIF(_CALCULO!$A$2:$A$397,"COLLONCE",_CALCULO!$D$2:$D$397),0) -> 1818
A27: 6 | B27: Duraznopampa | C27: YERBABUENA | D27: =IFERROR(SUMIF(_CALCULO!$A$2:$A$397,"DURAZNOPAMPA",_CALCULO!$C$2:$C$397),0) -> 7 | E27: =IFERROR(SUMIF(_CALCULO!$A$2:$A$397,"DURAZNOPAMPA",_CALCULO!$D$2:$D$397),0) -> 127.26
A28: 7 | B28: Huambo | C28: HUAMBO | D28: =IFERROR(SUMIF(_CALCULO!$A$2:$A$397,"HUAMBO",_CALCULO!$C$2:$C$397),0) -> 45 | E28: =IFERROR(SUMIF(_CALCULO!$A$2:$A$397,"HUAMBO",_CALCULO!$D$2:$D$397),0) -> 911.25
A29: 8 | B29: Jalca Grande | C29: YERBABUENA | D29: =IFERROR(SUMIF(_CALCULO!$A$2:$A$397,"JALCA GRANDE",_CALCULO!$C$2:$C$397),0) -> 49 | E29: =IFERROR(SUMIF(_CALCULO!$A$2:$A$397,"JALCA GRANDE",_CALCULO!$D$2:$D$397),0) -> 890.82
A30: 9 | B30: Jumbilla | C30: JUMBILLA | D30: =IFERROR(SUMIF(_CALCULO!$A$2:$A$397,"JUMBILLA",_CALCULO!$C$2:$C$397),0) -> 34 | E30: =IFERROR(SUMIF(_CALCULO!$A$2:$A$397,"JUMBILLA",_CALCULO!$D$2:$D$397),0) -> 618.12
A31: 10 | B31: Lamud | C31: LAMUD | D31: =IFERROR(SUMIF(_CALCULO!$A$2:$A$397,"LAMUD",_CALCULO!$C$2:$C$397),0) -> 52 | E31: =IFERROR(SUMIF(_CALCULO!$A$2:$A$397,"LAMUD",_CALCULO!$D$2:$D$397),0) -> 945.36
A32: 11 | B32: Leymebamba | C32: LEIMEBAMBA | D32: =IFERROR(SUMIF(_CALCULO!$A$2:$A$397,"LEYMEBAMBA",_CALCULO!$C$2:$C$397),0) -> 36 | E32: =IFERROR(SUMIF(_CALCULO!$A$2:$A$397,"LEYMEBAMBA",_CALCULO!$D$2:$D$397),0) -> 654.48
A33: 12 | B33: Luya | C33: LUYA | D33: =IFERROR(SUMIF(_CALCULO!$A$2:$A$397,"LUYA",_CALCULO!$C$2:$C$397),0) -> 28 | E33: =IFERROR(SUMIF(_CALCULO!$A$2:$A$397,"LUYA",_CALCULO!$D$2:$D$397),0) -> 509.04
A34: 13 | B34: Maria | C34: MARIA | D34: =IFERROR(SUMIF(_CALCULO!$A$2:$A$397,"MARIA",_CALCULO!$C$2:$C$397),0) -> 48 | E34: =IFERROR(SUMIF(_CALCULO!$A$2:$A$397,"MARIA",_CALCULO!$D$2:$D$397),0) -> 872.64
A35: 14 | B35: Maria Auxiliadora | C35: HOSPITAL MARIA AUXILIADORA | D35: =IFERROR(SUMIF(_CALCULO!$A$2:$A$397,"MARIA AUXILIADORA",_CALCULO!$C$2:$C$397),0) -> 381.8 | E35: =IFERROR(SUMIF(_CALCULO!$A$2:$A$397,"MARIA AUXILIADORA",_CALCULO!$D$2:$D$397),0) -> 7710.75
A36: 15 | B36: Mariscal Benavides | C36: LONGAR | D36: =IFERROR(SUMIF(_CALCULO!$A$2:$A$397,"MARISCAL BENAVIDES",_CALCULO!$C$2:$C$397),0) -> 0 | E36: =IFERROR(SUMIF(_CALCULO!$A$2:$A$397,"MARISCAL BENAVIDES",_CALCULO!$D$2:$D$397),0) -> 0
A37: 16 | B37: Nuevo Chirimoto | C37: NUEVO CHIRIMOTO | D37: =IFERROR(SUMIF(_CALCULO!$A$2:$A$397,"NUEVO CHIRIMOTO",_CALCULO!$C$2:$C$397),0) -> 0 | E37: =IFERROR(SUMIF(_CALCULO!$A$2:$A$397,"NUEVO CHIRIMOTO",_CALCULO!$D$2:$D$397),0) -> 0
A38: 17 | B38: Ocalli | C38: OCALLI | D38: =IFERROR(SUMIF(_CALCULO!$A$2:$A$397,"OCALLI",_CALCULO!$C$2:$C$397),0) -> 128 | E38: =IFERROR(SUMIF(_CALCULO!$A$2:$A$397,"OCALLI",_CALCULO!$D$2:$D$397),0) -> 2327.04
A39: 18 | B39: Omia | C39: OMIA | D39: =IFERROR(SUMIF(_CALCULO!$A$2:$A$397,"OMIA",_CALCULO!$C$2:$C$397),0) -> 46 | E39: =IFERROR(SUMIF(_CALCULO!$A$2:$A$397,"OMIA",_CALCULO!$D$2:$D$397),0) -> 931.5
A40: 19 | B40: Pedro Ruiz Gallo | C40: PEDRO RUIZ GALLO | D40: =IFERROR(SUMIF(_CALCULO!$A$2:$A$397,"PEDRO RUIZ GALLO",_CALCULO!$C$2:$C$397),0) -> 116 | E40: =IFERROR(SUMIF(_CALCULO!$A$2:$A$397,"PEDRO RUIZ GALLO",_CALCULO!$D$2:$D$397),0) -> 2107.5
A41: 20 | B41: Pomacochas | C41: POMACOCHAS | D41: =IFERROR(SUMIF(_CALCULO!$A$2:$A$397,"POMACOCHAS",_CALCULO!$C$2:$C$397),0) -> 162 | E41: =IFERROR(SUMIF(_CALCULO!$A$2:$A$397,"POMACOCHAS",_CALCULO!$D$2:$D$397),0) -> 2945.16
A42: 21 | B42: San Juan De Ocumal | C42: COLLONCE | D42: =IFERROR(SUMIF(_CALCULO!$A$2:$A$397,"SAN JUAN DE OCUMAL",_CALCULO!$C$2:$C$397),0) -> 20 | E42: =IFERROR(SUMIF(_CALCULO!$A$2:$A$397,"SAN JUAN DE OCUMAL",_CALCULO!$D$2:$D$397),0) -> 363.6
A43: 22 | B43: San Salvador | C43: SANTO TOMAS | D43: =IFERROR(SUMIF(_CALCULO!$A$2:$A$397,"SAN SALVADOR",_CALCULO!$C$2:$C$397),0) -> 10 | E43: =IFERROR(SUMIF(_CALCULO!$A$2:$A$397,"SAN SALVADOR",_CALCULO!$D$2:$D$397),0) -> 181.8
A44: 23 | B44: Santo Tomas | C44: SANTO TOMAS | D44: =IFERROR(SUMIF(_CALCULO!$A$2:$A$397,"SANTO TOMAS",_CALCULO!$C$2:$C$397),0) -> 30 | E44: =IFERROR(SUMIF(_CALCULO!$A$2:$A$397,"SANTO TOMAS",_CALCULO!$D$2:$D$397),0) -> 545.4
A45: 24 | B45: Tingo | C45: TINGO | D45: =IFERROR(SUMIF(_CALCULO!$A$2:$A$397,"TINGO",_CALCULO!$C$2:$C$397),0) -> 55 | E45: =IFERROR(SUMIF(_CALCULO!$A$2:$A$397,"TINGO",_CALCULO!$D$2:$D$397),0) -> 999.9
A46: 25 | B46: Totora | C46: TOTORA | D46: =IFERROR(SUMIF(_CALCULO!$A$2:$A$397,"TOTORA",_CALCULO!$C$2:$C$397),0) -> 36 | E46: =IFERROR(SUMIF(_CALCULO!$A$2:$A$397,"TOTORA",_CALCULO!$D$2:$D$397),0) -> 729
A47: 26 | B47: Yambrasbamba | C47: POMACOCHAS | D47: =IFERROR(SUMIF(_CALCULO!$A$2:$A$397,"YAMBRASBAMBA",_CALCULO!$C$2:$C$397),0) -> 12 | E47: =IFERROR(SUMIF(_CALCULO!$A$2:$A$397,"YAMBRASBAMBA",_CALCULO!$D$2:$D$397),0) -> 218.16
A48: 27 | B48: Yaulicachi | C48: COLLONCE | D48: =IFERROR(SUMIF(_CALCULO!$A$2:$A$397,"YAULICACHI",_CALCULO!$C$2:$C$397),0) -> 20 | E48: =IFERROR(SUMIF(_CALCULO!$A$2:$A$397,"YAULICACHI",_CALCULO!$D$2:$D$397),0) -> 363.6
A49: 28 | B49: Yerbabuena | C49: YERBABUENA | D49: =IFERROR(SUMIF(_CALCULO!$A$2:$A$397,"YERBABUENA",_CALCULO!$C$2:$C$397),0) -> 76 | E49: =IFERROR(SUMIF(_CALCULO!$A$2:$A$397,"YERBABUENA",_CALCULO!$D$2:$D$397),0) -> 1381.68
A50: 29 | B50: Zarumilla | C50: ZARUMILLA | D50: =IFERROR(SUMIF(_CALCULO!$A$2:$A$397,"ZARUMILLA",_CALCULO!$C$2:$C$397),0) -> 0 | E50: =IFERROR(SUMIF(_CALCULO!$A$2:$A$397,"ZARUMILLA",_CALCULO!$D$2:$D$397),0) -> 0
A51: TOTAL GENERAL PETROLEO | D51: =SUBTOTAL(9,D22:D50) -> 1636.8 | E51: =SUBTOTAL(9,E22:E50) -> 30788.16
A54: ⛽ GASOLINA - COMBUSTIBLE ACUMULADO 2026 POR IPRESS
A55: N° | B55: IPRESS | C55: MICRORED | D55: GALONES GASOLINA | E55: SOLES S/. GASOLINA
A56: 1 | B56: Buenos Aires | C56: POMACOCHAS | D56: =IFERROR(SUMIF(_CALCULO!$A$2:$A$397,"BUENOS AIRES",_CALCULO!$E$2:$E$397),0) -> 30 | E56: =IFERROR(SUMIF(_CALCULO!$A$2:$A$397,"BUENOS AIRES",_CALCULO!$F$2:$F$397),0) -> 538.5
A57: 2 | B57: Cocabamba | C57: MARIA | D57: =IFERROR(SUMIF(_CALCULO!$A$2:$A$397,"COCABAMBA",_CALCULO!$E$2:$E$397),0) -> 26 | E57: =IFERROR(SUMIF(_CALCULO!$A$2:$A$397,"COCABAMBA",_CALCULO!$F$2:$F$397),0) -> 466.7
A58: 3 | B58: Molinopampa | C58: MOLINOPAMPA | D58: =IFERROR(SUMIF(_CALCULO!$A$2:$A$397,"MOLINOPAMPA",_CALCULO!$E$2:$E$397),0) -> 24 | E58: =IFERROR(SUMIF(_CALCULO!$A$2:$A$397,"MOLINOPAMPA",_CALCULO!$F$2:$F$397),0) -> 430.8
A59: 4 | B59: Pedro Ruiz Gallo | C59: PEDRO RUIZ GALLO | D59: =IFERROR(SUMIF(_CALCULO!$A$2:$A$397,"PEDRO RUIZ GALLO",_CALCULO!$E$2:$E$397),0) -> 54 | E59: =IFERROR(SUMIF(_CALCULO!$A$2:$A$397,"PEDRO RUIZ GALLO",_CALCULO!$F$2:$F$397),0) -> 969.3
A60: 5 | B60: Pomacochas | C60: POMACOCHAS | D60: =IFERROR(SUMIF(_CALCULO!$A$2:$A$397,"POMACOCHAS",_CALCULO!$E$2:$E$397),0) -> 11 | E60: =IFERROR(SUMIF(_CALCULO!$A$2:$A$397,"POMACOCHAS",_CALCULO!$F$2:$F$397),0) -> 197.45
A61: 6 | B61: Salazar | C61: PEDRO RUIZ GALLO | D61: =IFERROR(SUMIF(_CALCULO!$A$2:$A$397,"SALAZAR",_CALCULO!$E$2:$E$397),0) -> 84 | E61: =IFERROR(SUMIF(_CALCULO!$A$2:$A$397,"SALAZAR",_CALCULO!$F$2:$F$397),0) -> 1507.8
A62: TOTAL GENERAL GASOLINA | D62: =SUBTOTAL(9,D56:D61) -> 229 | E62: =SUBTOTAL(9,E56:E61) -> 4110.55
A130: 108 | B130: Leymebamba | C130: LEIMEBAMBA | D130: =IFERROR(SUMIF(_CALCULO!$A$2:$A$1525,UPPER(B130),_CALCULO!$C$2:$C$1525),0) -> 72 | E130: =IFERROR(SUMIF(_CALCULO!$A$2:$A$1525,UPPER(B130),_CALCULO!$D$2:$D$1525),0) -> 927.18
A131: 109 | B131: Luya | C131: LUYA | D131: =IFERROR(SUMIF(_CALCULO!$A$2:$A$1525,UPPER(B131),_CALCULO!$C$2:$C$1525),0) -> 56 | E131: =IFERROR(SUMIF(_CALCULO!$A$2:$A$1525,UPPER(B131),_CALCULO!$D$2:$D$1525),0) -> 945.36
A132: 110 | B132: Maria | C132: MARIA | D132: =IFERROR(SUMIF(_CALCULO!$A$2:$A$1525,UPPER(B132),_CALCULO!$C$2:$C$1525),0) -> 96 | E132: =IFERROR(SUMIF(_CALCULO!$A$2:$A$1525,UPPER(B132),_CALCULO!$D$2:$D$1525),0) -> 1527.12
A133: 111 | B133: Maria Auxiliadora | C133: HOSPITAL MARIA AUXILIADORA | D133: =IFERROR(SUMIF(_CALCULO!$A$2:$A$1525,UPPER(B133),_CALCULO!$C$2:$C$1525),0) -> 763.6 | E133: =IFERROR(SUMIF(_CALCULO!$A$2:$A$1525,UPPER(B133),_CALCULO!$D$2:$D$1525),0) -> 10202.872
A134: 112 | B134: Mariscal Benavides | C134: LONGAR | D134: =IFERROR(SUMIF(_CALCULO!$A$2:$A$1525,UPPER(B134),_CALCULO!$C$2:$C$1525),0) -> 0 | E134: =IFERROR(SUMIF(_CALCULO!$A$2:$A$1525,UPPER(B134),_CALCULO!$D$2:$D$1525),0) -> 0
A135: 113 | B135: Molinopampa | C135: MOLINOPAMPA | D135: =IFERROR(SUMIF(_CALCULO!$A$2:$A$1525,UPPER(B135),_CALCULO!$C$2:$C$1525),0) -> 0 | E135: =IFERROR(SUMIF(_CALCULO!$A$2:$A$1525,UPPER(B135),_CALCULO!$D$2:$D$1525),0) -> 0
A136: 114 | B136: Ocalli | C136: OCALLI | D136: =IFERROR(SUMIF(_CALCULO!$A$2:$A$1525,UPPER(B136),_CALCULO!$C$2:$C$1525),0) -> 256 | E136: =IFERROR(SUMIF(_CALCULO!$A$2:$A$1525,UPPER(B136),_CALCULO!$D$2:$D$1525),0) -> 3163.32
A137: 115 | B137: Omia | C137: OMIA | D137: =IFERROR(SUMIF(_CALCULO!$A$2:$A$1525,UPPER(B137),_CALCULO!$C$2:$C$1525),0) -> 92 | E137: =IFERROR(SUMIF(_CALCULO!$A$2:$A$1525,UPPER(B137),_CALCULO!$D$2:$D$1525),0) -> 1599.75
A138: 116 | B138: Pedro Ruiz Gallo | C138: PEDRO RUIZ GALLO | D138: =IFERROR(SUMIF(_CALCULO!$A$2:$A$1525,UPPER(B138),_CALCULO!$C$2:$C$1525),0) -> 232 | E138: =IFERROR(SUMIF(_CALCULO!$A$2:$A$1525,UPPER(B138),_CALCULO!$D$2:$D$1525),0) -> 3215.1
A139: 117 | B139: Pomacochas | C139: POMACOCHAS | D139: =IFERROR(SUMIF(_CALCULO!$A$2:$A$1525,UPPER(B139),_CALCULO!$C$2:$C$1525),0) -> 324 | E139: =IFERROR(SUMIF(_CALCULO!$A$2:$A$1525,UPPER(B139),_CALCULO!$D$2:$D$1525),0) -> 4145.04
A140: 118 | B140: Salazar | C140: PEDRO RUIZ GALLO | D140: =IFERROR(SUMIF(_CALCULO!$A$2:$A$1525,UPPER(B140),_CALCULO!$C$2:$C$1525),0) -> 0 | E140: =IFERROR(SUMIF(_CALCULO!$A$2:$A$1525,UPPER(B140),_CALCULO!$D$2:$D$1525),0) -> 0
A141: 119 | B141: Santo Tomas | C141: SANTO TOMAS | D141: =IFERROR(SUMIF(_CALCULO!$A$2:$A$1525,UPPER(B141),_CALCULO!$C$2:$C$1525),0) -> 60 | E141: =IFERROR(SUMIF(_CALCULO!$A$2:$A$1525,UPPER(B141),_CALCULO!$D$2:$D$1525),0) -> 727.2
... A144: 122 | B144: Yerbabuena | C144: YERBABUENA | D144: =IFERROR(SUMIF(_CALCULO!$A$2:$A$1525,UPPER(B144),_CALCULO!$C$2:$C$1525),0) -> 152 | E144: =IFERROR(SUMIF(_CALCULO!$A$2:$A$1525,UPPER(B144),_CALCULO!$D$2:$D$1525),0) -> 1927.08
A145: TOTAL GENERAL PETROLEO | D145: =SUBTOTAL(9,D23:D144) -> 4111.4 | E145: =SUBTOTAL(9,E23:E144) -> 64462.232
A148: ⛽ GASOLINA - COMBUSTIBLE ACUMULADO 2026 POR IPRESS
A149: ↑ Al filtrar por IPRESS el SUBTOTAL se actualiza automáticamente
A150: N | B150: IPRESS | C150: MICRORED | D150: GALONES GASOLINA | E150: SOLES S/. GASOLINA
A151: 1 | B151: =IFERROR(VLOOKUP(TEXT(H10,"0"),IPRESS!$A$3:$B$212,2,0),"") | D151: =IFERROR(SUMIF(_CALCULO!$A$2:$A$1525,UPPER(B151),_CALCULO!$E$2:$E$1525),0) -> 0 | E151: =IFERROR(SUMIF(_CALCULO!$A$2:$A$1525,UPPER(B151),_CALCULO!$F$2:$F$1525),0) -> 0
A152: 2 | B152: =IFERROR(VLOOKUP(TEXT(H18,"0"),IPRESS!$A$3:$B$212,2,0),"") | D152: =IFERROR(SUMIF(_CALCULO!$A$2:$A$1525,UPPER(B152),_CALCULO!$E$2:$E$1525),0) -> 0 | E152: =IFERROR(SUMIF(_CALCULO!$A$2:$A$1525,UPPER(B152),_CALCULO!$F$2:$F$1525),0) -> 0
A153: 3 | B153: =IFERROR(VLOOKUP(TEXT(H21,"0"),IPRESS!$A$3:$B$212,2,0),"") | D153: =IFERROR(SUMIF(_CALCULO!$A$2:$A$1525,UPPER(B153),_CALCULO!$E$2:$E$1525),0) -> 0 | E153: =IFERROR(SUMIF(_CALCULO!$A$2:$A$1525,UPPER(B153),_CALCULO!$F$2:$F$1525),0) -> 0
A154: 4 | B154: =IFERROR(VLOOKUP(TEXT(H22,"0"),IPRESS!$A$3:$B$212,2,0),"") | D154: =IFERROR(SUMIF(_CALCULO!$A$2:$A$1525,UPPER(B154),_CALCULO!$E$2:$E$1525),0) -> 0 | E154: =IFERROR(SUMIF(_CALCULO!$A$2:$A$1525,UPPER(B154),_CALCULO!$F$2:$F$1525),0) -> 0
A155: 5 | B155: =IFERROR(VLOOKUP(TEXT(H33,"0"),IPRESS!$A$3:$B$212,2,0),"") | D155: =IFERROR(SUMIF(_CALCULO!$A$2:$A$1525,UPPER(B155),_CALCULO!$E$2:$E$1525),0) -> 0 | E155: =IFERROR(SUMIF(_CALCULO!$A$2:$A$1525,UPPER(B155),_CALCULO!$F$2:$F$1525),0) -> 0
A156: 6 | B156: =IFERROR(VLOOKUP(TEXT(H34,"0"),IPRESS!$A$3:$B$212,2,0),"") | D156: =IFERROR(SUMIF(_CALCULO!$A$2:$A$1525,UPPER(B156),_CALCULO!$E$2:$E$1525),0) -> 0 | E156: =IFERROR(SUMIF(_CALCULO!$A$2:$A$1525,UPPER(B156),_CALCULO!$F$2:$F$1525),0) -> 0
A157: 7 | B157: =IFERROR(VLOOKUP(TEXT(H35,"0"),IPRESS!$A$3:$B$212,2,0),"") | D157: =IFERROR(SUMIF(_CALCULO!$A$2:$A$1525,UPPER(B157),_CALCULO!$E$2:$E$1525),0) -> 0 | E157: =IFERROR(SUMIF(_CALCULO!$A$2:$A$1525,UPPER(B157),_CALCULO!$F$2:$F$1525),0) -> 0
A158: 8 | B158: =IFERROR(VLOOKUP(TEXT(H37,"0"),IPRESS!$A$3:$B$212,2,0),"") | D158: =IFERROR(SUMIF(_CALCULO!$A$2:$A$1525,UPPER(B158),_CALCULO!$E$2:$E$1525),0) -> 0 | E158: =IFERROR(SUMIF(_CALCULO!$A$2:$A$1525,UPPER(B158),_CALCULO!$F$2:$F$1525),0) -> 0
A159: 9 | B159: =IFERROR(VLOOKUP(TEXT(H45,"0"),IPRESS!$A$3:$B$212,2,0),"") | D159: =IFERROR(SUMIF(_CALCULO!$A$2:$A$1525,UPPER(B159),_CALCULO!$E$2:$E$1525),0) -> 0 | E159: =IFERROR(SUMIF(_CALCULO!$A$2:$A$1525,UPPER(B159),_CALCULO!$F$2:$F$1525),0) -> 0
A160: 10 | B160: =IFERROR(VLOOKUP(TEXT(H49,"0"),IPRESS!$A$3:$B$212,2,0),"") | D160: =IFERROR(SUMIF(_CALCULO!$A$2:$A$1525,UPPER(B160),_CALCULO!$E$2:$E$1525),0) -> 0 | E160: =IFERROR(SUMIF(_CALCULO!$A$2:$A$1525,UPPER(B160),_CALCULO!$F$2:$F$1525),0) -> 0
A161: 11 | B161: =IFERROR(VLOOKUP(TEXT(H51,"0"),IPRESS!$A$3:$B$212,2,0),"") | D161: =IFERROR(SUMIF(_CALCULO!$A$2:$A$1525,UPPER(B161),_CALCULO!$E$2:$E$1525),0) -> 0 | E161: =IFERROR(SUMIF(_CALCULO!$A$2:$A$1525,UPPER(B161),_CALCULO!$F$2:$F$1525),0) -> 0
A162: 12 | B162: =IFERROR(VLOOKUP(TEXT(H52,"0"),IPRESS!$A$3:$B$212,2,0),"") | D162: =IFERROR(SUMIF(_CALCULO!$A$2:$A$1525,UPPER(B162),_CALCULO!$E$2:$E$1525),0) -> 0 | E162: =IFERROR(SUMIF(_CALCULO!$A$2:$A$1525,UPPER(B162),_CALCULO!$F$2:$F$1525),0) -> 0
A163: 13 | B163: =IFERROR(VLOOKUP(TEXT(H53,"0"),IPRESS!$A$3:$B$212,2,0),"") | D163: =IFERROR(SUMIF(_CALCULO!$A$2:$A$1525,UPPER(B163),_CALCULO!$E$2:$E$1525),0) -> 0 | E163: =IFERROR(SUMIF(_CALCULO!$A$2:$A$1525,UPPER(B163),_CALCULO!$F$2:$F$1525),0) -> 0
A164: 14 | B164: =IFERROR(VLOOKUP(TEXT(H55,"0"),IPRESS!$A$3:$B$212,2,0),"") | D164: =IFERROR(SUMIF(_CALCULO!$A$2:$A$1525,UPPER(B164),_CALCULO!$E$2:$E$1525),0) -> 0 | E164: =IFERROR(SUMIF(_CALCULO!$A$2:$A$1525,UPPER(B164),_CALCULO!$F$2:$F$1525),0) -> 0
A165: 15 | B165: =IFERROR(VLOOKUP(TEXT(H56,"0"),IPRESS!$A$3:$B$212,2,0),"") | D165: =IFERROR(SUMIF(_CALCULO!$A$2:$A$1525,UPPER(B165),_CALCULO!$E$2:$E$1525),0) -> 0 | E165: =IFERROR(SUMIF(_CALCULO!$A$2:$A$1525,UPPER(B165),_CALCULO!$F$2:$F$1525),0) -> 0
A166: 16 | B166: =IFERROR(VLOOKUP(TEXT(H6,"0"),IPRESS!$A$3:$B$212,2,0),"") | D166: =IFERROR(SUMIF(_CALCULO!$A$2:$A$1525,UPPER(B166),_CALCULO!$E$2:$E$1525),0) -> 0 | E166: =IFERROR(SUMIF(_CALCULO!$A$2:$A$1525,UPPER(B166),_CALCULO!$F$2:$F$1525),0) -> 0
A167: 17 | B167: =IFERROR(VLOOKUP(TEXT(H73,"0"),IPRESS!$A$3:$B$212,2,0),"") | D167: =IFERROR(SUMIF(_CALCULO!$A$2:$A$1525,UPPER(B167),_CALCULO!$E$2:$E$1525),0) -> 0 | E167: =IFERROR(SUMIF(_CALCULO!$A$2:$A$1525,UPPER(B167),_CALCULO!$F$2:$F$1525),0) -> 0
A168: 18 | B168: =IFERROR(VLOOKUP(TEXT(H76,"0"),IPRESS!$A$3:$B$212,2,0),"") | D168: =IFERROR(SUMIF(_CALCULO!$A$2:$A$1525,UPPER(B168),_CALCULO!$E$2:$E$1525),0) -> 0 | E168: =IFERROR(SUMIF(_CALCULO!$A$2:$A$1525,UPPER(B168),_CALCULO!$F$2:$F$1525),0) -> 0
A169: 19 | B169: =IFERROR(VLOOKUP(TEXT(H8,"0"),IPRESS!$A$3:$B$212,2,0),"") | D169: =IFERROR(SUMIF(_CALCULO!$A$2:$A$1525,UPPER(B169),_CALCULO!$E$2:$E$1525),0) -> 0 | E169: =IFERROR(SUMIF(_CALCULO!$A$2:$A$1525,UPPER(B169),_CALCULO!$F$2:$F$1525),0) -> 0
A170: 20 | B170: =IFERROR(VLOOKUP(TEXT(H82,"0"),IPRESS!$A$3:$B$212,2,0),"") | D170: =IFERROR(SUMIF(_CALCULO!$A$2:$A$1525,UPPER(B170),_CALCULO!$E$2:$E$1525),0) -> 0 | E170: =IFERROR(SUMIF(_CALCULO!$A$2:$A$1525,UPPER(B170),_CALCULO!$F$2:$F$1525),0) -> 0
A171: 21 | B171: =IFERROR(VLOOKUP(TEXT(H88,"0"),IPRESS!$A$3:$B$212,2,0),"") | D171: =IFERROR(SUMIF(_CALCULO!$A$2:$A$1525,UPPER(B171),_CALCULO!$E$2:$E$1525),0) -> 0 | E171: =IFERROR(SUMIF(_CALCULO!$A$2:$A$1525,UPPER(B171),_CALCULO!$F$2:$F$1525),0) -> 0
A172: 22 | B172: =IFERROR(VLOOKUP(TEXT(H91,"0"),IPRESS!$A$3:$B$212,2,0),"") | D172: =IFERROR(SUMIF(_CALCULO!$A$2:$A$1525,UPPER(B172),_CALCULO!$E$2:$E$1525),0) -> 0 | E172: =IFERROR(SUMIF(_CALCULO!$A$2:$A$1525,UPPER(B172),_CALCULO!$F$2:$F$1525),0) -> 0
A173: 23 | B173: Buenos Aires | C173: POMACOCHAS | D173: =IFERROR(SUMIF(_CALCULO!$A$2:$A$1525,UPPER(B173),_CALCULO!$E$2:$E$1525),0) -> 60 | E173: =IFERROR(SUMIF(_CALCULO!$A$2:$A$1525,UPPER(B173),_CALCULO!$F$2:$F$1525),0) -> 718
A174: 24 | B174: Cocabamba | C174: MARIA | D174: =IFERROR(SUMIF(_CALCULO!$A$2:$A$1525,UPPER(B174),_CALCULO!$E$2:$E$1525),0) -> 52 | E174: =IFERROR(SUMIF(_CALCULO!$A$2:$A$1525,UPPER(B174),_CALCULO!$F$2:$F$1525),0) -> 933.4
A175: 25 | B175: Nuevo Chirimoto | C175: NUEVO CHIRIMOTO | D175: =IFERROR(SUMIF(_CALCULO!$A$2:$A$1525,UPPER(B175),_CALCULO!$E$2:$E$1525),0) -> 0 | E175: =IFERROR(SUMIF(_CALCULO!$A$2:$A$1525,UPPER(B175),_CALCULO!$F$2:$F$1525),0) -> 0
A176: 26 | B176: Salazar | C176: PEDRO RUIZ GALLO | D176: =IFERROR(SUMIF(_CALCULO!$A$2:$A$1525,UPPER(B176),_CALCULO!$E$2:$E$1525),0) -> 168 | E176: =IFERROR(SUMIF(_CALCULO!$A$2:$A$1525,UPPER(B176),_CALCULO!$F$2:$F$1525),0) -> 3015.6
...

Sheet CONDUCTORES
A1: CATALOGO DE CONDUCTORES - UE 0725 AMAZONAS
A2: DNI | B2: APELLIDOS Y NOMBRES | C2: N LICENCIA | D2: CATEGORIA | E2: MODELO VEHICULO | F2: PLACA | G2: TIPO COMBUSTIBLE | H2: C.S ASIGNADO
A3: 44333747 | B3: GUEVARA VASQUEZ GREIMER MELGAR | C3: Q 44333747 | D3: A II B | E3: HILUX 4X4 TIPO II | F3: EUE 651 | G3: PETROLEO | H3: CAMPORREDONDO
A4: 33432847 | B4: BUELOT VISALOT CARLO MAGNO | C4: W33432847 | D4: ALLB | E4: TIPO I | F4: EUD 634 | G4: PETROLEO | H4: COLCAMAR
A5: 73602628 | B5: SAUCEDO LOPEZ ELDIN NOLASCO | C5: Q73602628 | D5: A2B | E5: TIPO II | F5: EUH699 | G5: PETROLEO | H5: COLLONCE
A6: 44426318 | B6: ABANTO VALDIVIA HANS MIKKEL | C6: W44426318 | D6: A LLL C | E6: TOYOTA HILUX | F6: EUH 640 | G6: PETROLEO | H6: CHUQUIBAMBA
A7: 9990954 | B7: TRIGOSO TAFUR JOSE GILBER | C7: Q09990954 | D7: A LLL C | E7: NISSAN URBAN | F7: EUH 421 | G7: PETROLEO | H7: MARIA AUXILIADORA
A8: 42333513 | B8: PORTOCARRERO PELAEZ MIGUEL ANTONIO | C8: W42333513 | D8: A3C | E8: NISSAN URVAN | F8: EUH-421 | G8: PETROLEO | H8: MARIA AUXILIADORA
A9: 41785950 | B9: SERNAQUE PELAEZ WILMER | C9: W417859506 | D9: A2B | E9: TIPO II | F9: EUH-421 | G9: PETROLEO | H9: MARIA AUXILIADORA
A10: 33402316 | B10: ROJAS ALVARADO BENJAMIN | C10: W33502316 | D10: A LL B | E10: NISSAN URVAN | F10: 421 EUH | G10: PETROLEO | H10: MARIA AUXILIADORA
A11: 40083507 | B11: LOPEZ HOYOS MIGUEL ANGEL | C11: W40083507 | D11: AIIIC | E11: HILUX | F11: EUH-698 | G11: PETROLEO | H11: HUAMBO
A12: 44894499 | B12: LEIVA LARA JUNIOR | C12: W44894499 | D12: A LL. B | E12: TRANSPORTER 2014 | F12: EUC 959 | G12: PETROLEO | H12: JALCA GRANDE
A13: 33734466 | B13: BRICENO OXOLON MANUEL | C13: 33734466 | D13: AIIIC | E13: TRANSPORTER | F13: EUC976 | G13: PETROLEO | H13: JUMBILLA
... A33: 70790222 | B33: VILLA GONGORA RODVIN LUIS | C33: W70790222 | D33: AII-B | E33: TOYOTA HILUX 4X4 T-II | F33: EUD-684 | G33: PETROLEO | H33: TOTORA
A34: 33725999 | B34: CHICANA VALLE JAIME | D34: A 2B | E34: BOXER | F34: EGU 916 | G34: PETROLEO | H34: YAMBRASBAMBA
A35: 40051255 | B35: SANCHEZ CAJO VICENTE | C35: C40051255 | D35: A2B | E35: TOYOTA HIACE | F35: EGL-296 | G35: PETROLEO | H35: YERBABUENA
A36: 46218156 | B36: GEINER ZAVALETA TAFUR | C36: W46218156 | D36: A2B | E36: AMBULANCIA | F36: NO TIENE | G36: PETROLEO | H36: ZARUMILLA
A37: 48515797 | B37: LLUNER ESTEBES MARIN DAMACEN | C37: W48515797 | D37: A2B | E37: TOYOTA HILUX 22R | F37: EUD-262 | G37: GASOLINA | H37: COCABAMBA
A38: 16712192 | B38: ALBERTO FARRO PEREZ | C38: C16712192 | D38: A2B | E38: TOYOYA HILUX | F38: EGO-124 | G38: PETROLEO | H38: OCALLI
A39: 44703306 | B39: RONAL SAUCEDO GUEVARA | C39: W44703306 | D39: A2B | E39: TIPO I | F39: EUB-067 | G39: GASOLINA | H39: BUENOS AIRES
A40: 75492112 | B40: NAIDER TELLO ESTELA | C40: Q75492112 | D40: A2B | E40: TOYOTA HILUX 4X4 | F40: EUH-708 | G40: PETROLEO | H40: COCOCHO
A43: NOTA: Agregue conductores faltantes al final. Las formulas los reconocen automaticamente.

Sheet DETALLE IPRESS
A1: DETALLE DE COMBUSTIBLE PENDIENTE DE ENTREGA POR IPRESS - 2026
A2: Se actualiza automáticamente — Al completar FECHA ENTREGA + OFICIO + O/C desaparece solo
A3: 🔍 SELECCIONAR IPRESS: | E3: OMIA
A5: ⛽ TOTAL GAL. PETRÓLEO: | C5: =IF($E$3="-- TODOS --",IFERROR(SUMPRODUCT((_PENDIENTES!$F$2:$F$1261="PETROLEO")*(_PENDIENTES!$G$2:$G$1261)),0),IFERROR(SUMPRODUCT((_PENDIENTES!$B$2:$B$1261=$E$3)*(_PENDIENTES!$F$2:$F$1261="PETROLEO")*(_PENDIENTES!$G$2:$G$1261)),0)) -> 0 | E5: ⛽ TOTAL GAL. GASOLINA: | G5: =IF($E$3="-- TODOS --",IFERROR(SUMPRODUCT((_PENDIENTES!$F$2:$F$1261="GASOLINA")*(_PENDIENTES!$G$2:$G$1261)),0),IFERROR(SUMPRODUCT((_PENDIENTES!$B$2:$B$1261=$E$3)*(_PENDIENTES!$F$2:$F$1261="GASOLINA")*(_PENDIENTES!$G$2:$G$1261)),0)) -> 0 | I5: 💰 TOTAL SOLES S/.: | K5: =IF($E$3="-- TODOS --",IFERROR(SUM(_PENDIENTES!$H$2:$H$1261),0),IFERROR(SUMPRODUCT((_PENDIENTES!$B$2:$B$1261=$E$3)*(_PENDIENTES!$H$2:$H$1261)),0)) -> 0
A7: N° | B7: MES | C7: AFILIADO | D7: NRO DOC | E7: FECHA | F7: TIPO | G7: GALONES | H7: TOTAL S/. | I7: CONDUCTOR | J7: PLACA | K7: ESTADO | L7: ENTREGAR / DEVOLVER | M7: IPRESS_KEY | N7: IPRESS ORIGEN
A8: =IF(_PENDIENTES!$B$2<>"",1,"") -> 1 | B8: =IF(_PENDIENTES!$B$2<>"",_PENDIENTES!$A$2,"") -> ENE | C8: =IF(_PENDIENTES!$B$2<>"",_PENDIENTES!$C$2,"") -> CIEZA RIOS AYLANI ELIZABETH | D8: =IF(_PENDIENTES!$B$2<>"",_PENDIENTES!$D$2,"") -> 94063517 | E8: =IF(_PENDIENTES!$B$2<>"",_PENDIENTES!$E$2,"") -> 01/01/2026 | F8: =IF(_PENDIENTES!$B$2<>"",_PENDIENTES!$F$2,"") -> PETROLEO | G8: =IF(_PENDIENTES!$B$2<>"",_PENDIENTES!$G$2,"") -> 6 | H8: =IF(_PENDIENTES!$B$2<>"",_PENDIENTES!$H$2,"") -> 109.08 | I8: =IF(_PENDIENTES!$B$2<>"",_PENDIENTES!$I$2,"") -> CARRERA ARAUJO JEINER | J8: =IF(_PENDIENTES!$B$2<>"",_PENDIENTES!$J$2,"") -> EUH747 | K8: =IF(_PENDIENTES!$B$2<>"","POR RECOGER","") -> POR RECOGER | L8: =IF(_PENDIENTES!$B$2<>"",_PENDIENTES!$K$2,"") -> 0 | M8: =IF(_PENDIENTES!$B$2<>"",_PENDIENTES!$B$2,"") -> POMACOCHAS | N8: =IF(_PENDIENTES!$B$2<>"",_PENDIENTES!$L$2,"") -> POMACOCHAS
A9: =IF(_PENDIENTES!$B$3<>"",2,"") -> 2 | B9: =IF(_PENDIENTES!$B$3<>"",_PENDIENTES!$A$3,"") -> ENE | C9: =IF(_PENDIENTES!$B$3<>"",_PENDIENTES!$C$3,"") -> DIAZ MESIA DIANELIT THALIA | D9: =IF(_PENDIENTES!$B$3<>"",_PENDIENTES!$D$3,"") -> 75729771 | E9: =IF(_PENDIENTES!$B$3<>"",_PENDIENTES!$E$3,"") -> 02/01/2026 | F9: =IF(_PENDIENTES!$B$3<>"",_PENDIENTES!$F$3,"") -> PETROLEO | G9: =IF(_PENDIENTES!$B$3<>"",_PENDIENTES!$G$3,"") -> 7 | H9: =IF(_PENDIENTES!$B$3<>"",_PENDIENTES!$H$3,"") -> 127.26 | I9: =IF(_PENDIENTES!$B$3<>"",_PENDIENTES!$I$3,"") -> BUELOT VISALOT CARLO MAGNO | J9: =IF(_PENDIENTES!$B$3<>"",_PENDIENTES!$J$3,"") -> EUD 634 | K9: =IF(_PENDIENTES!$B$3<>"","POR RECOGER","") -> POR RECOGER | L9: =IF(_PENDIENTES!$B$3<>"",_PENDIENTES!$K$3,"") -> 0 | M9: =IF(_PENDIENTES!$B$3<>"",_PENDIENTES!$B$3,"") -> COLCAMAR | N9: =IF(_PENDIENTES!$B$3<>"",_PENDIENTES!$L$3,"") -> COLCAMAR
A10: =IF(_PENDIENTES!$B$4<>"",3,"") -> 3 | B10: =IF(_PENDIENTES!$B$4<>"",_PENDIENTES!$A$4,"") -> ENE | C10: =IF(_PENDIENTES!$B$4<>"",_PENDIENTES!$C$4,"") -> ZELADA SANTILLAN EWHAN ADIEL | D10: =IF(_PENDIENTES!$B$4<>"",_PENDIENTES!$D$4,"") -> 92682700 | E10: =IF(_PENDIENTES!$B$4<>"",_PENDIENTES!$E$4,"") -> 02/01/2026 | F10: =IF(_PENDIENTES!$B$4<>"",_PENDIENTES!$F$4,"") -> PETROLEO | G10: =IF(_PENDIENTES!$B$4<>"",_PENDIENTES!$G$4,"") -> 7 | H10: =IF(_PENDIENTES!$B$4<>"",_PENDIENTES!$H$4,"") -> 141.75 | I10: =IF(_PENDIENTES!$B$4<>"",_PENDIENTES!$I$4,"") -> SERNAQUE PELAEZ WILMER | J10: =IF(_PENDIENTES!$B$4<>"",_PENDIENTES!$J$4,"") -> EUH-421 | K10: =IF(_PENDIENTES!$B$4<>"","POR RECOGER","") -> POR RECOGER | L10: =IF(_PENDIENTES!$B$4<>"",_PENDIENTES!$K$4,"") -> 0 | M10: =IF(_PENDIENTES!$B$4<>"",_PENDIENTES!$B$4,"") -> MARIA AUXILIADORA | N10: =IF(_PENDIENTES!$B$4<>"",_PENDIENTES!$L$4,"") -> MARIA AUXILIADORA
A11: =IF(_PENDIENTES!$B$5<>"",4,"") -> 4 | B11: =IF(_PENDIENTES!$B$5<>"",_PENDIENTES!$A$5,"") -> ENE | C11: =IF(_PENDIENTES!$B$5<>"",_PENDIENTES!$C$5,"") -> RODRIGUEZ CALDERON JESUS SALVADOR | D11: =IF(_PENDIENTES!$B$5<>"",_PENDIENTES!$D$5,"") -> 33950773 | E11: =IF(_PENDIENTES!$B$5<>"",_PENDIENTES!$E$5,"") -> 03/01/2026 | F11: =IF(_PENDIENTES!$B$5<>"",_PENDIENTES!$F$5,"") -> PETROLEO | G11: =IF(_PENDIENTES!$B$5<>"",_PENDIENTES!$G$5,"") -> 7 | H11: =IF(_PENDIENTES!$B$5<>"",_PENDIENTES!$H$5,"") -> 141.75 | I11: =IF(_PENDIENTES!$B$5<>"",_PENDIENTES!$I$5,"") | J11: =IF(_PENDIENTES!$B$5<>"",_PENDIENTES!$J$5,"") | K11: =IF(_PENDIENTES!$B$5<>"","POR RECOGER","") -> POR RECOGER | L11: =IF(_PENDIENTES!$B$5<>"",_PENDIENTES!$K$5,"") -> 0 | M11: =IF(_PENDIENTES!$B$5<>"",_PENDIENTES!$B$5,"") -> MARIA AUXILIADORA | N11: =IF(_PENDIENTES!$B$5<>"",_PENDIENTES!$L$5,"") -> MARIA AUXILIADORA
A12: =IF(_PENDIENTES!$B$6<>"",5,"") -> 5 | B12: =IF(_PENDIENTES!$B$6<>"",_PENDIENTES!$A$6,"") -> ENE | C12: =IF(_PENDIENTES!$B$6<>"",_PENDIENTES!$C$6,"") -> HUAMAN HUAMAN LUZ CLARITA | D12: =IF(_PENDIENTES!$B$6<>"",_PENDIENTES!$D$6,"") -> 73632523 | E12: =IF(_PENDIENTES!$B$6<>"",_PENDIENTES!$E$6,"") -> 04/01/2026 | F12: =IF(_PENDIENTES!$B$6<>"",_PENDIENTES!$F$6,"") -> PETROLEO | G12: =IF(_PENDIENTES!$B$6<>"",_PENDIENTES!$G$6,"") -> 7 | H12: =IF(_PENDIENTES!$B$6<>"",_PENDIENTES!$H$6,"") -> 141.75 | I12: =IF(_PENDIENTES!$B$6<>"",_PENDIENTES!$I$6,"") -> ROJAS ALVARADO BENJAMIN | J12: =IF(_PENDIENTES!$B$6<>"",_PENDIENTES!$J$6,"") -> 421 EUH | K12: =IF(_PENDIENTES!$B$6<>"","POR RECOGER","") -> POR RECOGER | L12: =IF(_PENDIENTES!$B$6<>"",_PENDIENTES!$K$6,"") -> 0 | M12: =IF(_PENDIENTES!$B$6<>"",_PENDIENTES!$B$6,"") -> MARIA AUXILIADORA | N12: =IF(_PENDIENTES!$B$6<>"",_PENDIENTES!$L$6,"") -> MARIA AUXILIADORA
A13: =IF(_PENDIENTES!$B$7<>"",6,"") -> 6 | B13: =IF(_PENDIENTES!$B$7<>"",_PENDIENTES!$A$7,"") -> ENE | C13: =IF(_PENDIENTES!$B$7<>"",_PENDIENTES!$C$7,"") -> GUSMAN ALVARADO CESAR | D13: =IF(_PENDIENTES!$B$7<>"",_PENDIENTES!$D$7,"") -> 45825389 | E13: =IF(_PENDIENTES!$B$7<>"",_PENDIENTES!$E$7,"") -> 05/01/2026 | F13: =IF(_PENDIENTES!$B$7<>"",_PENDIENTES!$F$7,"") -> PETROLEO | G13: =IF(_PENDIENTES!$B$7<>"",_PENDIENTES!$G$7,"") -> 7 | H13: =IF(_PENDIENTES!$B$7<>"",_PENDIENTES!$H$7,"") -> 127.26 | I13: =IF(_PENDIENTES!$B$7<>"",_PENDIENTES!$I$7,"") -> BUELOT VISALOT CARLO MAGNO | J13: =IF(_PENDIENTES!$B$7<>"",_PENDIENTES!$J$7,"") -> EUD 634 | K13: =IF(_PENDIENTES!$B$7<>"","POR RECOGER","") -> POR RECOGER | L13: =IF(_PENDIENTES!$B$7<>"",_PENDIENTES!$K$7,"") -> 0 | M13: =IF(_PENDIENTES!$B$7<>"",_PENDIENTES!$B$7,"") -> COLCAMAR | N13: =IF(_PENDIENTES!$B$7<>"",_PENDIENTES!$L$7,"") -> COLCAMAR
A14: =IF(_PENDIENTES!$B$8<>"",7,"") -> 7 | B14: =IF(_PENDIENTES!$B$8<>"",_PENDIENTES!$A$8,"") -> ENE | C14: =IF(_PENDIENTES!$B$8<>"",_PENDIENTES!$C$8,"") -> PORTOCARRERO GRANDEZ GLORIA VILMITA | D14: =IF(_PENDIENTES!$B$8<>"",_PENDIENTES!$D$8,"") -> 43504295 | E14: =IF(_PENDIENTES!$B$8<>"",_PENDIENTES!$E$8,"") -> 05/01/2026 | F14: =IF(_PENDIENTES!$B$8<>"",_PENDIENTES!$F$8,"") -> PETROLEO | G14: =IF(_PENDIENTES!$B$8<>"",_PENDIENTES!$G$8,"") -> 7 | H14: =IF(_PENDIENTES!$B$8<>"",_PENDIENTES!$H$8,"") -> 141.75 | I14: =IF(_PENDIENTES!$B$8<>"",_PENDIENTES!$I$8,"") | J14: =IF(_PENDIENTES!$B$8<>"",_PENDIENTES!$J$8,"") | K14: =IF(_PENDIENTES!$B$8<>"","POR RECOGER","") -> POR RECOGER | L14: =IF(_PENDIENTES!$B$8<>"",_PENDIENTES!$K$8,"") -> 0 | M14: =IF(_PENDIENTES!$B$8<>"",_PENDIENTES!$B$8,"") -> MARIA AUXILIADORA | N14: =IF(_PENDIENTES!$B$8<>"",_PENDIENTES!$L$8,"") -> MARIA AUXILIADORA
A15: =IF(_PENDIENTES!$B$9<>"",8,"") -> 8 | B15: =IF(_PENDIENTES!$B$9<>"",_PENDIENTES!$A$9,"") -> ENE | C15: =IF(_PENDIENTES!$B$9<>"",_PENDIENTES!$C$9,"") -> VARGAS TUESTA BRISTYN PAOLO | D15: =IF(_PENDIENTES!$B$9<>"",_PENDIENTES!$D$9,"") -> 91225101 | E15: =IF(_PENDIENTES!$B$9<>"",_PENDIENTES!$E$9,"") -> 06/01/2026 | F15: =IF(_PENDIENTES!$B$9<>"",_PENDIENTES!$F$9,"") -> PETROLEO | G15: =IF(_PENDIENTES!$B$9<>"",_PENDIENTES!$G$9,"") -> 10 | H15: =IF(_PENDIENTES!$B$9<>"",_PENDIENTES!$H$9,"") -> 202.5 | I15: =IF(_PENDIENTES!$B$9<>"",_PENDIENTES!$I$9,"") -> LOPEZ HOYOS MIGUEL ANGEL | J15: =IF(_PENDIENTES!$B$9<>"",_PENDIENTES!$J$9,"") -> EUH-698 | K15: =IF(_PENDIENTES!$B$9<>"","POR RECOGER","") -> POR RECOGER | L15: =IF(_PENDIENTES!$B$9<>"",_PENDIENTES!$K$9,"") -> HUAMBO | M15: =IF(_PENDIENTES!$B$9<>"",_PENDIENTES!$B$9,"") -> HUAMBO | N15: =IF(_PENDIENTES!$B$9<>"",_PENDIENTES!$L$9,"") -> MARIA AUXILIADORA
A16: =IF(_PENDIENTES!$B$10<>"",9,"") -> 9 | B16: =IF(_PENDIENTES!$B$10<>"",_PENDIENTES!$A$10,"") -> ENE | C16: =IF(_PENDIENTES!$B$10<>"",_PENDIENTES!$C$10,"") -> LEON DELGADO EIMI YAMILET | D16: =IF(_PENDIENTES!$B$10<>"",_PENDIENTES!$D$10,"") -> 61561896 | E16: =IF(_PENDIENTES!$B$10<>"",_PENDIENTES!$E$10,"") -> 06/01/2025 | F16: =IF(_PENDIENTES!$B$10<>"",_PENDIENTES!$F$10,"") -> PETROLEO | G16: =IF(_PENDIENTES!$B$10<>"",_PENDIENTES!$G$10,"") -> 5 | H16: =IF(_PENDIENTES!$B$10<>"",_PENDIENTES!$H$10,"") -> 90.9 | I16: =IF(_PENDIENTES!$B$10<>"",_PENDIENTES!$I$10,"") -> BRICENO OXOLON MANUEL | J16: =IF(_PENDIENTES!$B$10<>"",_PENDIENTES!$J$10,"") -> EUC976 | K16: =IF(_PENDIENTES!$B$10<>"","POR RECOGER","") -> POR RECOGER | L16: =IF(_PENDIENTES!$B$10<>"",_PENDIENTES!$K$10,"") -> 0 | M16: =IF(_PENDIENTES!$B$10<>"",_PENDIENTES!$B$10,"") -> JUMBILLA | N16: =IF(_PENDIENTES!$B$10<>"",_PENDIENTES!$L$10,"") -> JUMBILLA
A17: =IF(_PENDIENTES!$B$11<>"",10,"") -> 10 | B17: =IF(_PENDIENTES!$B$11<>"",_PENDIENTES!$A$11,"") -> ENE | C17: =IF(_PENDIENTES!$B$11<>"",_PENDIENTES!$C$11,"") -> TAFUR LOPEZ SEGUNDO PACIFICO | D17: =IF(_PENDIENTES!$B$11<>"",_PENDIENTES!$D$11,"") -> 44932120 | E17: =IF(_PENDIENTES!$B$11<>"",_PENDIENTES!$E$11,"") -> 07/01/2026 | F17: =IF(_PENDIENTES!$B$11<>"",_PENDIENTES!$F$11,"") -> PETROLEO | G17: =IF(_PENDIENTES!$B$11<>"",_PENDIENTES!$G$11,"") -> 7 | H17: =IF(_PENDIENTES!$B$11<>"",_PENDIENTES!$H$11,"") -> 141.75 | I17: =IF(_PENDIENTES!$B$11<>"",_PENDIENTES!$I$11,"") | J17: =IF(_PENDIENTES!$B$11<>"",_PENDIENTES!$J$11,"") | K17: =IF(_PENDIENTES!$B$11<>"","POR RECOGER","") -> POR RECOGER | L17: =IF(_PENDIENTES!$B$11<>"",_PENDIENTES!$K$11,"") -> 0 | M17: =IF(_PENDIENTES!$B$11<>"",_PENDIENTES!$B$11,"") -> MARIA AUXILIADORA | N17: =IF(_PENDIENTES!$B$11<>"",_PENDIENTES!$L$11,"") -> MARIA AUXILIADORA
A18: =IF(_PENDIENTES!$B$12<>"",11,"") -> 11 | B18: =IF(_PENDIENTES!$B$12<>"",_PENDIENTES!$A$12,"") -> ENE | C18: =IF(_PENDIENTES!$B$12<>"",_PENDIENTES!$C$12,"") -> VILLA LOPEZ NEILI DANITZA | D18: =IF(_PENDIENTES!$B$12<>"",_PENDIENTES!$D$12,"") -> 44401644 | E18: =IF(_PENDIENTES!$B$12<>"",_PENDIENTES!$E$12,"") -> 08/01/2026 | F18: =IF(_PENDIENTES!$B$12<>"",_PENDIENTES!$F$12,"") -> PETROLEO | G18: =IF(_PENDIENTES!$B$12<>"",_PENDIENTES!$G$12,"") -> 7 | H18: =IF(_PENDIENTES!$B$12<>"",_PENDIENTES!$H$12,"") -> 141.75 | I18: =IF(_PENDIENTES!$B$12<>"",_PENDIENTES!$I$12,"") -> ROJAS ALVARADO BENJAMIN | J18: =IF(_PENDIENTES!$B$12<>"",_PENDIENTES!$J$12,"") -> 421 EUH | K18: =IF(_PENDIENTES!$B$12<>"","POR RECOGER","") -> POR RECOGER | L18: =IF(_PENDIENTES!$B$12<>"",_PENDIENTES!$K$12,"") -> 0 | M18: =IF(_PENDIENTES!$B$12<>"",_PENDIENTES!$B$12,"") -> MARIA AUXILIADORA | N18: =IF(_PENDIENTES!$B$12<>"",_PENDIENTES!$L$12,"") -> MARIA AUXILIADORA
A19: =IF(_PENDIENTES!$B$13<>"",12,"") -> 12 | B19: =IF(_PENDIENTES!$B$13<>"",_PENDIENTES!$A$13,"") -> ENE | C19: =IF(_PENDIENTES!$B$13<>"",_PENDIENTES!$C$13,"") -> FERNANDEZ LOPEZ GIL AUGUSTO | D19: =IF(_PENDIENTES!$B$13<>"",_PENDIENTES!$D$13,"") -> 33946545 | E19: =IF(_PENDIENTES!$B$13<>"",_PENDIENTES!$E$13,"") -> 09/01/2026 | F19: =IF(_PENDIENTES!$B$13<>"",_PENDIENTES!$F$13,"") -> PETROLEO | G19: =IF(_PENDIENTES!$B$13<>"",_PENDIENTES!$G$13,"") -> 7 | H19: =IF(_PENDIENTES!$B$13<>"",_PENDIENTES!$H$13,"") -> 141.75 | I19: =IF(_PENDIENTES!$B$13<>"",_PENDIENTES!$I$13,"") -> TRIGOSO TAFUR JOSE GILBER | J19: =IF(_PENDIENTES!$B$13<>"",_PENDIENTES!$J$13,"") -> EUH 421 | K19: =IF(_PENDIENTES!$B$13<>"","POR RECOGER","") -> POR RECOGER | L19: =IF(_PENDIENTES!$B$13<>"",_PENDIENTES!$K$13,"") -> 0 | M19: =IF(_PENDIENTES!$B$13<>"",_PENDIENTES!$B$13,"") -> MARIA AUXILIADORA | N19: =IF(_PENDIENTES!$B$13<>"",_PENDIENTES!$L$13,"") -> MARIA AUXILIADORA
A20: =IF(_PENDIENTES!$B$14<>"",13,"") -> 13 | B20: =IF(_PENDIENTES!$B$14<>"",_PENDIENTES!$A$14,"") -> ENE | C20: =IF(_PENDIENTES!$B$14<>"",_PENDIENTES!$C$14,"") -> ARANA LOPEZ MARILIZ MISHEL | D20: =IF(_PENDIENTES!$B$14<>"",_PENDIENTES!$D$14,"") -> 78095143 | E20: =IF(_PENDIENTES!$B$14<>"",_PENDIENTES!$E$14,"") -> 10/01/2026 | F20: =IF(_PENDIENTES!$B$14<>"",_PENDIENTES!$F$14,"") -> PETROLEO | G20: =IF(_PENDIENTES!$B$14<>"",_PENDIENTES!$G$14,"") -> 6.8 | H20: =IF(_PENDIENTES!$B$14<>"",_PENDIENTES!$H$14,"") -> 137.7 | I20: =IF(_PENDIENTES!$B$14<>"",_PENDIENTES!$I$14,"") -> TRIGOSO TAFUR JOSE GILBER | J20: =IF(_PENDIENTES!$B$14<>"",_PENDIENTES!$J$14,"") -> EUH 421 | K20: =IF(_PENDIENTES!$B$14<>"","POR RECOGER","") -> POR RECOGER | L20: =IF(_PENDIENTES!$B$14<>"",_PENDIENTES!$K$14,"") -> 0 | M20: =IF(_PENDIENTES!$B$14<>"",_PENDIENTES!$B$14,"") -> MARIA AUXILIADORA | N20: =IF(_PENDIENTES!$B$14<>"",_PENDIENTES!$L$14,"") -> MARIA AUXILIADORA
A21: =IF(_PENDIENTES!$B$15<>"",14,"") -> 14 | B21: =IF(_PENDIENTES!$B$15<>"",_PENDIENTES!$A$15,"") -> ENE | C21: =IF(_PENDIENTES!$B$15<>"",_PENDIENTES!$C$15,"") -> LUCERO TUESTA MARBELI | D21: =IF(_PENDIENTES!$B$15<>"",_PENDIENTES!$D$15,"") -> 63365856 | E21: =IF(_PENDIENTES!$B$15<>"",_PENDIENTES!$E$15,"") -> 12/01/2026 | F21: =IF(_PENDIENTES!$B$15<>"",_PENDIENTES!$F$15,"") -> PETROLEO | G21: =IF(_PENDIENTES!$B$15<>"",_PENDIENTES!$G$15,"") -> 5 | H21: =IF(_PENDIENTES!$B$15<>"",_PENDIENTES!$H$15,"") -> 101.25 | I21: =IF(_PENDIENTES!$B$15<>"",_PENDIENTES!$I$15,"") -> ROJAS ALVARADO BENJAMIN | J21: =IF(_PENDIENTES!$B$15<>"",_PENDIENTES!$J$15,"") -> 421 EUH | K21: =IF(_PENDIENTES!$B$15<>"","POR RECOGER","") -> POR RECOGER | L21: =IF(_PENDIENTES!$B$15<>"",_PENDIENTES!$K$15,"") -> 0 | M21: =IF(_PENDIENTES!$B$15<>"",_PENDIENTES!$B$15,"") -> MARIA AUXILIADORA | N21: =IF(_PENDIENTES!$B$15<>"",_PENDIENTES!$L$15,"") -> MARIA AUXILIADORA
A22: =IF(_PENDIENTES!$B$16<>"",15,"") -> 15 | B22: =IF(_PENDIENTES!$B$16<>"",_PENDIENTES!$A$16,"") -> ENE | C22: =IF(_PENDIENTES!$B$16<>"",_PENDIENTES!$C$16,"") -> REYES VASQUEZ JOAO YADIEL | D22: =IF(_PENDIENTES!$B$16<>"",_PENDIENTES!$D$16,"") -> 94359638 | E22: =IF(_PENDIENTES!$B$16<>"",_PENDIENTES!$E$16,"") -> 14/01/2026 | F22: =IF(_PENDIENTES!$B$16<>"",_PENDIENTES!$F$16,"") -> PETROLEO | G22: =IF(_PENDIENTES!$B$16<>"",_PENDIENTES!$G$16,"") -> 6 | H22: =IF(_PENDIENTES!$B$16<>"",_PENDIENTES!$H$16,"") -> 109.08 | I22: =IF(_PENDIENTES!$B$16<>"",_PENDIENTES!$I$16,"") -> CARRERA ARAUJO JEINER | J22: =IF(_PENDIENTES!$B$16<>"",_PENDIENTES!$J$16,"") -> EUH747 | K22: =IF(_PENDIENTES!$B$16<>"","POR RECOGER","") -> POR RECOGER | L22: =IF(_PENDIENTES!$B$16<>"",_PENDIENTES!$K$16,"") -> 0 | M22: =IF(_PENDIENTES!$B$16<>"",_PENDIENTES!$B$16,"") -> POMACOCHAS | N22: =IF(_PENDIENTES!$B$16<>"",_PENDIENTES!$L$16,"") -> POMACOCHAS
A23: =IF(_PENDIENTES!$B$17<>"",16,"") -> 16 | B23: =IF(_PENDIENTES!$B$17<>"",_PENDIENTES!$A$17,"") -> ENE | C23: =IF(_PENDIENTES!$B$17<>"",_PENDIENTES!$C$17,"") -> CASTRO DE VARGAS JUSTINA | D23: =IF(_PENDIENTES!$B$17<>"",_PENDIENTES!$D$17,"") -> 33944106 | E23: =IF(_PENDIENTES!$B$17<>"",_PENDIENTES!$E$17,"") -> 14/01/2026 | F23: =IF(_PENDIENTES!$B$17<>"",_PENDIENTES!$F$17,"") -> PETROLEO | G23: =IF(_PENDIENTES!$B$17<>"",_PENDIENTES!$G$17,"") -> 7 | H23: =IF(_PENDIENTES!$B$17<>"",_PENDIENTES!$H$17,"") -> 141.75 | I23: =IF(_PENDIENTES!$B$17<>"",_PENDIENTES!$I$17,"") -> TRIGOSO TAFUR JOSE GILBER | J23: =IF(_PENDIENTES!$B$17<>"",_PENDIENTES!$J$17,"") -> EUH 421 | K23: =IF(_PENDIENTES!$B$17<>"","POR RECOGER","") -> POR RECOGER | L23: =IF(_PENDIENTES!$B$17<>"",_PENDIENTES!$K$17,"") -> 0 | M23: =IF(_PENDIENTES!$B$17<>"",_PENDIENTES!$B$17,"") -> MARIA AUXILIADORA | N23: =IF(_PENDIENTES!$B$17<>"",_PENDIENTES!$L$17,"") -> MARIA AUXILIADORA
A24: =IF(_PENDIENTES!$B$18<>"",17,"") -> 17 | B24: =IF(_PENDIENTES!$B$18<>"",_PENDIENTES!$A$18,"") -> ENE | C24: =IF(_PENDIENTES!$B$18<>"",_PENDIENTES!$C$18,"") -> OBLITAS VASQUEZ YENNY | D24: =IF(_PENDIENTES!$B$18<>"",_PENDIENTES!$D$18,"") -> 77346512 | E24: =IF(_PENDIENTES!$B$18<>"",_PENDIENTES!$E$18,"") -> 17/01/2026 | F24: =IF(_PENDIENTES!$B$18<>"",_PENDIENTES!$F$18,"") -> PETROLEO | G24: =IF(_PENDIENTES!$B$18<>"",_PENDIENTES!$G$18,"") -> 6 | H24: =IF(_PENDIENTES!$B$18<>"",_PENDIENTES!$H$18,"") -> 109.08 | I24: =IF(_PENDIENTES!$B$18<>"",_PENDIENTES!$I$18,"") -> CARRERA ARAUJO JEINER | J24: =IF(_PENDIENTES!$B$18<>"",_PENDIENTES!$J$18,"") -> EUH747 | K24: =IF(_PENDIENTES!$B$18<>"","POR RECOGER","") -> POR RECOGER | L24: =IF(_PENDIENTES!$B$18<>"",_PENDIENTES!$K$18,"") -> 0 | M24: =IF(_PENDIENTES!$B$18<>"",_PENDIENTES!$B$18,"") -> POMACOCHAS | N24: =IF(_PENDIENTES!$B$18<>"",_PENDIENTES!$L$18,"") -> POMACOCHAS
A25: =IF(_PENDIENTES!$B$19<>"",18,"") -> 18 | B25: =IF(_PENDIENTES!$B$19<>"",_PENDIENTES!$A$19,"") -> ENE | C25: =IF(_PENDIENTES!$B$19<>"",_PENDIENTES!$C$19,"") -> TAFUR SALDAÑA JUAN ALBERTO | D25: =IF(_PENDIENTES!$B$19<>"",_PENDIENTES!$D$19,"") -> 33941504 | E25: =IF(_PENDIENTES!$B$19<>"",_PENDIENTES!$E$19,"") -> 17/01/2026 | F25: =IF(_PENDIENTES!$B$19<>"",_PENDIENTES!$F$19,"") -> PETROLEO | G25: =IF(_PENDIENTES!$B$19<>"",_PENDIENTES!$G$19,"") -> 7 | H25: =IF(_PENDIENTES!$B$19<>"",_PENDIENTES!$H$19,"") -> 141.75 | I25: =IF(_PENDIENTES!$B$19<>"",_PENDIENTES!$I$19,"") -> TRIGOSO TAFUR JOSE GILBER | J25: =IF(_PENDIENTES!$B$19<>"",_PENDIENTES!$J$19,"") -> EUH 421 | K25: =IF(_PENDIENTES!$B$19<>"","POR RECOGER","") -> POR RECOGER | L25: =IF(_PENDIENTES!$B$19<>"",_PENDIENTES!$K$19,"") -> 0 | M25: =IF(_PENDIENTES!$B$19<>"",_PENDIENTES!$B$19,"") -> MARIA AUXILIADORA | N25: =IF(_PENDIENTES!$B$19<>"",_PENDIENTES!$L$19,"") -> MARIA AUXILIADORA
A26: =IF(_PENDIENTES!$B$20<>"",19,"") -> 19 | B26: =IF(_PENDIENTES!$B$20<>"",_PENDIENTES!$A$20,"") -> ENE | C26: =IF(_PENDIENTES!$B$20<>"",_PENDIENTES!$C$20,"") -> LOPEZ VILCAROMERO MARIKELI | D26: =IF(_PENDIENTES!$B$20<>"",_PENDIENTES!$D$20,"") -> 60526420 | E26: =IF(_PENDIENTES!$B$20<>"",_PENDIENTES!$E$20,"") -> 18/01/2026 | F26: =IF(_PENDIENTES!$B$20<>"",_PENDIENTES!$F$20,"") -> PETROLEO | G26: =IF(_PENDIENTES!$B$20<>"",_PENDIENTES!$G$20,"") -> 6 | H26: =IF(_PENDIENTES!$B$20<>"",_PENDIENTES!$H$20,"") -> 121.5 | I26: =IF(_PENDIENTES!$B$20<>"",_PENDIENTES!$I$20,"") -> SERNAQUE PELAEZ WILMER | J26: =IF(_PENDIENTES!$B$20<>"",_PENDIENTES!$J$20,"") -> EUH-421 | K26: =IF(_PENDIENTES!$B$20<>"","POR RECOGER","") -> POR RECOGER | L26: =IF(_PENDIENTES!$B$20<>"",_PENDIENTES!$K$20,"") -> 0 | M26: =IF(_PENDIENTES!$B$20<>"",_PENDIENTES!$B$20,"") -> MARIA AUXILIADORA | N26: =IF(_PENDIENTES!$B$20<>"",_PENDIENTES!$L$20,"") -> MARIA AUXILIADORA
A27: =IF(_PENDIENTES!$B$21<>"",20,"") -> 20 | B27: =IF(_PENDIENTES!$B$21<>"",_PENDIENTES!$A$21,"") -> ENE | C27: =IF(_PENDIENTES!$B$21<>"",_PENDIENTES!$C$21,"") -> CHAVEZ AREVALO FLORES MILA | D27: =IF(_PENDIENTES!$B$21<>"",_PENDIENTES!$D$21,"") -> 72686690 | E27: =IF(_PENDIENTES!$B$21<>"",_PENDIENTES!$E$21,"") -> 19/01/2026 | F27: =IF(_PENDIENTES!$B$21<>"",_PENDIENTES!$F$21,"") -> PETROLEO | G27: =IF(_PENDIENTES!$B$21<>"",_PENDIENTES!$G$21,"") -> 5 | H27: =IF(_PENDIENTES!$B$21<>"",_PENDIENTES!$H$21,"") -> 90.9 | I27: =IF(_PENDIENTES!$B$21<>"",_PENDIENTES!$I$21,"") -> VILCARROMERO TORREJON HERMERSON | J27: =IF(_PENDIENTES!$B$21<>"",_PENDIENTES!$J$21,"") -> EUD-917 | K27: =IF(_PENDIENTES!$B$21<>"","POR RECOGER","") -> POR RECOGER | L27: =IF(_PENDIENTES!$B$21<>"",_PENDIENTES!$K$21,"") -> 0 | M27: =IF(_PENDIENTES!$B$21<>"",_PENDIENTES!$B$21,"") -> TINGO | N27: =IF(_PENDIENTES!$B$21<>"",_PENDIENTES!$L$21,"") -> TINGO
A28: =IF(_PENDIENTES!$B$22<>"",21,"") -> 21 | B28: =IF(_PENDIENTES!$B$22<>"",_PENDIENTES!$A$22,"") -> ENE | C28: =IF(_PENDIENTES!$B$22<>"",_PENDIENTES!$C$22,"") -> SANCHEZ REVILLA JHOSELI MANUELITA | D28: =IF(_PENDIENTES!$B$22<>"",_PENDIENTES!$D$22,"") -> 60035393 | E28: =IF(_PENDIENTES!$B$22<>"",_PENDIENTES!$E$22,"") -> 19/01/2026 | F28: =IF(_PENDIENTES!$B$22<>"",_PENDIENTES!$F$22,"") -> PETROLEO | G28: =IF(_PENDIENTES!$B$22<>"",_PENDIENTES!$G$22,"") -> 7 | H28: =IF(_PENDIENTES!$B$22<>"",_PENDIENTES!$H$22,"") -> 141.75 | I28: =IF(_PENDIENTES!$B$22<>"",_PENDIENTES!$I$22,"") -> TRIGOSO TAFUR JOSE GILBER | J28: =IF(_PENDIENTES!$B$22<>"",_PENDIENTES!$J$22,"") -> EUH 421 | K28: =IF(_PENDIENTES!$B$22<>"","POR RECOGER","") -> POR RECOGER | L28: =IF(_PENDIENTES!$B$22<>"",_PENDIENTES!$K$22,"") -> 0 | M28: =IF(_PENDIENTES!$B$22<>"",_PENDIENTES!$B$22,"") -> MARIA AUXILIADORA | N28: =IF(_PENDIENTES!$B$22<>"",_PENDIENTES!$L$22,"") -> MARIA AUXILIADORA
A29: =IF(_PENDIENTES!$B$23<>"",22,"") -> 22 | B29: =IF(_PENDIENTES!$B$23<>"",_PENDIENTES!$A$23,"") -> ENE | C29: =IF(_PENDIENTES!$B$23<>"",_PENDIENTES!$C$23,"") -> SILVA TAFUR DEICY MADAY | D29: =IF(_PENDIENTES!$B$23<>"",_PENDIENTES!$D$23,"") -> 40662457 | E29: =IF(_PENDIENTES!$B$23<>"",_PENDIENTES!$E$23,"") -> 20/01/2026 | F29: =IF(_PENDIENTES!$B$23<>"",_PENDIENTES!$F$23,"") -> PETROLEO | G29: =IF(_PENDIENTES!$B$23<>"",_PENDIENTES!$G$23,"") -> 5 | H29: =IF(_PENDIENTES!$B$23<>"",_PENDIENTES!$H$23,"") -> 90.9 | I29: =IF(_PENDIENTES!$B$23<>"",_PENDIENTES!$I$23,"") -> VILCARROMERO TORREJON HERMERSON | J29: =IF(_PENDIENTES!$B$23<>"",_PENDIENTES!$J$23,"") -> EUD-917 | K29: =IF(_PENDIENTES!$B$23<>"","POR RECOGER","") -> POR RECOGER | L29: =IF(_PENDIENTES!$B$23<>"",_PENDIENTES!$K$23,"") -> 0 | M29: =IF(_PENDIENTES!$B$23<>"",_PENDIENTES!$B$23,"") -> TINGO | N29: =IF(_PENDIENTES!$B$23<>"",_PENDIENTES!$L$23,"") -> TINGO
A30: =IF(_PENDIENTES!$B$24<>"",23,"") -> 23 | B30: =IF(_PENDIENTES!$B$24<>"",_PENDIENTES!$A$24,"") -> ENE | C30: =IF(_PENDIENTES!$B$24<>"",_PENDIENTES!$C$24,"") -> CRUZ CRUZ HILDA MERCEDES | D30: =IF(_PENDIENTES!$B$24<>"",_PENDIENTES!$D$24,"") -> 33420344 | E30: =IF(_PENDIENTES!$B$24<>"",_PENDIENTES!$E$24,"") -> 20/01/2026 | F30: =IF(_PENDIENTES!$B$24<>"",_PENDIENTES!$F$24,"") -> PETROLEO | G30: =IF(_PENDIENTES!$B$24<>"",_PENDIENTES!$G$24,"") -> 5 | H30: =IF(_PENDIENTES!$B$24<>"",_PENDIENTES!$H$24,"") -> 90.9 | I30: =IF(_PENDIENTES!$B$24<>"",_PENDIENTES!$I$24,"") -> VILCARROMERO TORREJON HERMERSON | J30: =IF(_PENDIENTES!$B$24<>"",_PENDIENTES!$J$24,"") -> EUD-917 | K30: =IF(_PENDIENTES!$B$24<>"","POR RECOGER","") -> POR RECOGER | L30: =IF(_PENDIENTES!$B$24<>"",_PENDIENTES!$K$24,"") -> 0 | M30: =IF(_PENDIENTES!$B$24<>"",_PENDIENTES!$B$24,"") -> TINGO | N30: =IF(_PENDIENTES!$B$24<>"",_PENDIENTES!$L$24,"") -> TINGO
A31: =IF(_PENDIENTES!$B$25<>"",24,"") -> 24 | B31: =IF(_PENDIENTES!$B$25<>"",_PENDIENTES!$A$25,"") -> ENE | C31: =IF(_PENDIENTES!$B$25<>"",_PENDIENTES!$C$25,"") -> MUÑOZ BUSTAMANTE MARINA MELANIA | D31: =IF(_PENDIENTES!$B$25<>"",_PENDIENTES!$D$25,"") -> 47349553 | E31: =IF(_PENDIENTES!$B$25<>"",_PENDIENTES!$E$25,"") -> 21/01/2026 | F31: =IF(_PENDIENTES!$B$25<>"",_PENDIENTES!$F$25,"") -> PETROLEO | G31: =IF(_PENDIENTES!$B$25<>"",_PENDIENTES!$G$25,"") -> 7 | H31: =IF(_PENDIENTES!$B$25<>"",_PENDIENTES!$H$25,"") -> 141.75 | I31: =IF(_PENDIENTES!$B$25<>"",_PENDIENTES!$I$25,"") -> TRIGOSO TAFUR JOSE GILBER | J31: =IF(_PENDIENTES!$B$25<>"",_PENDIENTES!$J$25,"") -> EUH 421 | K31: =IF(_PENDIENTES!$B$25<>"","POR RECOGER","") -> POR RECOGER | L31: =IF(_PENDIENTES!$B$25<>"",_PENDIENTES!$K$25,"") -> 0 | M31: =IF(_PENDIENTES!$B$25<>"",_PENDIENTES!$B$25,"") -> MARIA AUXILIADORA | N31: =IF(_PENDIENTES!$B$25<>"",_PENDIENTES!$L$25,"") -> MARIA AUXILIADORA
A32: =IF(_PENDIENTES!$B$26<>"",25,"") -> 25 | B32: =IF(_PENDIENTES!$B$26<>"",_PENDIENTES!$A$26,"") -> ENE | C32: =IF(_PENDIENTES!$B$26<>"",_PENDIENTES!$C$26,"") -> GOMEZ AQUINO CIELO IRAHY | D32: =IF(_PENDIENTES!$B$26<>"",_PENDIENTES!$D$26,"") -> 90953258 | E32: =IF(_PENDIENTES!$B$26<>"",_PENDIENTES!$E$26,"") -> 21/01/2026 | F32: =IF(_PENDIENTES!$B$26<>"",_PENDIENTES!$F$26,"") -> PETROLEO | G32: =IF(_PENDIENTES!$B$26<>"",_PENDIENTES!$G$26,"") -> 6.55 | H32: =IF(_PENDIENTES!$B$26<>"",_PENDIENTES!$H$26,"") -> 132.6375 | I32: =IF(_PENDIENTES!$B$26<>"",_PENDIENTES!$I$26,"") -> ROJAS ALVARADO BENJAMIN | J32: =IF(_PENDIENTES!$B$26<>"",_PENDIENTES!$J$26,"") -> 421 EUH | K32: =IF(_PENDIENTES!$B$26<>"","POR RECOGER","") -> POR RECOGER | L32: =IF(_PENDIENTES!$B$26<>"",_PENDIENTES!$K$26,"") -> 0 | M32: =IF(_PENDIENTES!$B$26<>"",_PENDIENTES!$B$26,"") -> MARIA AUXILIADORA | N32: =IF(_PENDIENTES!$B$26<>"",_PENDIENTES!$L$26,"") -> MARIA AUXILIADORA
A33: =IF(_PENDIENTES!$B$27<>"",26,"") -> 26 | B33: =IF(_PENDIENTES!$B$27<>"",_PENDIENTES!$A$27,"") -> ENE | C33: =IF(_PENDIENTES!$B$27<>"",_PENDIENTES!$C$27,"") -> ROJAS SANCHEZ TEODOLIO | D33: =IF(_PENDIENTES!$B$27<>"",_PENDIENTES!$D$27,"") -> 33415767 | E33: =IF(_PENDIENTES!$B$27<>"",_PENDIENTES!$E$27,"") -> 03/01/2026 | F33: =IF(_PENDIENTES!$B$27<>"",_PENDIENTES!$F$27,"") -> PETROLEO | G33: =IF(_PENDIENTES!$B$27<>"",_PENDIENTES!$G$27,"") -> 7 | H33: =IF(_PENDIENTES!$B$27<>"",_PENDIENTES!$H$27,"") -> 127.26 | I33: =IF(_PENDIENTES!$B$27<>"",_PENDIENTES!$I$27,"") -> LEIVA LARA JUNIOR | J33: =IF(_PENDIENTES!$B$27<>"",_PENDIENTES!$J$27,"") -> EUC 959 | K33: =IF(_PENDIENTES!$B$27<>"","POR RECOGER","") -> POR RECOGER | L33: =IF(_PENDIENTES!$B$27<>"",_PENDIENTES!$K$27,"") -> 0 | M33: =IF(_PENDIENTES!$B$27<>"",_PENDIENTES!$B$27,"") -> JALCA GRANDE | N33: =IF(_PENDIENTES!$B$27<>"",_PENDIENTES!$L$27,"") -> JALCA GRANDE
A34: =IF(_PENDIENTES!$B$28<>"",27,"") -> 27 | B34: =IF(_PENDIENTES!$B$28<>"",_PENDIENTES!$A$28,"") -> ENE | C34: =IF(_PENDIENTES!$B$28<>"",_PENDIENTES!$C$28,"") -> HUAMAN HUAMAN MARLENI | D34: =IF(_PENDIENTES!$B$28<>"",_PENDIENTES!$D$28,"") -> 43609007 | E34: =IF(_PENDIENTES!$B$28<>"",_PENDIENTES!$E$28,"") -> 19/01/2026 | F34: =IF(_PENDIENTES!$B$28<>"",_PENDIENTES!$F$28,"") -> PETROLEO | G34: =IF(_PENDIENTES!$B$28<>"",_PENDIENTES!$G$28,"") -> 7 | H34: =IF(_PENDIENTES!$B$28<>"",_PENDIENTES!$H$28,"") -> 127.26 | I34: =IF(_PENDIENTES!$B$28<>"",_PENDIENTES!$I$28,"") -> LEIVA LARA JUNIOR | J34: =IF(_PENDIENTES!$B$28<>"",_PENDIENTES!$J$28,"") -> EUC 959 | K34: =IF(_PENDIENTES!$B$28<>"","POR RECOGER","") -> POR RECOGER | L34: =IF(_PENDIENTES!$B$28<>"",_PENDIENTES!$K$28,"") -> 0 | M34: =IF(_PENDIENTES!$B$28<>"",_PENDIENTES!$B$28,"") -> JALCA GRANDE | N34: =IF(_PENDIENTES!$B$28<>"",_PENDIENTES!$L$28,"") -> JALCA GRANDE
A35: =IF(_PENDIENTES!$B$29<>"",28,"") -> 28 | B35: =IF(_PENDIENTES!$B$29<>"",_PENDIENTES!$A$29,"") -> ENE | C35: =IF(_PENDIENTES!$B$29<>"",_PENDIENTES!$C$29,"") -> ZAGACETA RAMOS NICOLAS MARTIN | D35: =IF(_PENDIENTES!$B$29<>"",_PENDIENTES!$D$29,"") -> 80812524 | E35: =IF(_PENDIENTES!$B$29<>"",_PENDIENTES!$E$29,"") -> 26/01/2025 | F35: =IF(_PENDIENTES!$B$29<>"",_PENDIENTES!$F$29,"") -> PETROLEO | G35: =IF(_PENDIENTES!$B$29<>"",_PENDIENTES!$G$29,"") -> 12 | H35: =IF(_PENDIENTES!$B$29<>"",_PENDIENTES!$H$29,"") -> 218.16 | I35: =IF(_PENDIENTES!$B$29<>"",_PENDIENTES!$I$29,"") -> MACHUCA GARRIDO RIDER ALFONSO | J35: =IF(_PENDIENTES!$B$29<>"",_PENDIENTES!$J$29,"") -> EUC 956 | K35: =IF(_PENDIENTES!$B$29<>"","POR RECOGER","") -> POR RECOGER | L35: =IF(_PENDIENTES!$B$29<>"",_PENDIENTES!$K$29,"") -> 0 | M35: =IF(_PENDIENTES!$B$29<>"",_PENDIENTES!$B$29,"") -> MARIA | N35: =IF(_PENDIENTES!$B$29<>"",_PENDIENTES!$L$29,"") -> MARIA
A36: =IF(_PENDIENTES!$B$30<>"",29,"") -> 29 | B36: =IF(_PENDIENTES!$B$30<>"",_PENDIENTES!$A$30,"") -> ENE | C36: =IF(_PENDIENTES!$B$30<>"",_PENDIENTES!$C$30,"") -> MAS MONTOYA ROSA VICTORIA | D36: =IF(_PENDIENTES!$B$30<>"",_PENDIENTES!$D$30,"") -> 33423243 | E36: =IF(_PENDIENTES!$B$30<>"",_PENDIENTES!$E$30,"") -> 03/01/2026 | F36: =IF(_PENDIENTES!$B$30<>"",_PENDIENTES!$F$30,"") -> GASOLINA | G36: =IF(_PENDIENTES!$B$30<>"",_PENDIENTES!$G$30,"") -> 8 | H36: =IF(_PENDIENTES!$B$30<>"",_PENDIENTES!$H$30,"") -> 143.6 | I36: =IF(_PENDIENTES!$B$30<>"",_PENDIENTES!$I$30,"") -> MAGNO CULQUIMBOS RUIZ | J36: =IF(_PENDIENTES!$B$30<>"",_PENDIENTES!$J$30,"") -> EUE-469 | K36: =IF(_PENDIENTES!$B$30<>"","POR RECOGER","") -> POR RECOGER | L36: =IF(_PENDIENTES!$B$30<>"",_PENDIENTES!$K$30,"") -> 0 | M36: =IF(_PENDIENTES!$B$30<>"",_PENDIENTES!$B$30,"") -> MOLINOPAMPA | N36: =IF(_PENDIENTES!$B$30<>"",_PENDIENTES!$L$30,"") -> MOLINOPAMPA
A37: =IF(_PENDIENTES!$B$31<>"",30,"") -> 30 | B37: =IF(_PENDIENTES!$B$31<>"",_PENDIENTES!$A$31,"") -> ENE | C37: =IF(_PENDIENTES!$B$31<>"",_PENDIENTES!$C$31,"") -> CANLLA GEBOL CELIDONIA | D37: =IF(_PENDIENTES!$B$31<>"",_PENDIENTES!$D$31,"") -> 48797632 | E37: =IF(_PENDIENTES!$B$31<>"",_PENDIENTES!$E$31,"") -> 07/01/2026 | F37: =IF(_PENDIENTES!$B$31<>"",_PENDIENTES!$F$31,"") -> GASOLINA | G37: =IF(_PENDIENTES!$B$31<>"",_PENDIENTES!$G$31,"") -> 8 | H37: =IF(_PENDIENTES!$B$31<>"",_PENDIENTES!$H$31,"") -> 143.6 | I37: =IF(_PENDIENTES!$B$31<>"",_PENDIENTES!$I$31,"") -> MAGNO CULQUIMBOS RUIZ | J37: =IF(_PENDIENTES!$B$31<>"",_PENDIENTES!$J$31,"") -> EUE-469 | K37: =IF(_PENDIENTES!$B$31<>"","POR RECOGER","") -> POR RECOGER | L37: =IF(_PENDIENTES!$B$31<>"",_PENDIENTES!$K$31,"") -> 0 | M37: =IF(_PENDIENTES!$B$31<>"",_PENDIENTES!$B$31,"") -> MOLINOPAMPA | N37: =IF(_PENDIENTES!$B$31<>"",_PENDIENTES!$L$31,"") -> MOLINOPAMPA
A38: =IF(_PENDIENTES!$B$32<>"",31,"") -> 31 | B38: =IF(_PENDIENTES!$B$32<>"",_PENDIENTES!$A$32,"") -> ENE | C38: =IF(_PENDIENTES!$B$32<>"",_PENDIENTES!$C$32,"") -> LOPEZ GUADALUPE NARDY FIORELA | D38: =IF(_PENDIENTES!$B$32<>"",_PENDIENTES!$D$32,"") -> 79521364 | E38: =IF(_PENDIENTES!$B$32<>"",_PENDIENTES!$E$32,"") -> 13/01/2026 | F38: =IF(_PENDIENTES!$B$32<>"",_PENDIENTES!$F$32,"") -> PETROLEO | G38: =IF(_PENDIENTES!$B$32<>"",_PENDIENTES!$G$32,"") -> 20 | H38: =IF(_PENDIENTES!$B$32<>"",_PENDIENTES!$H$32,"") -> 363.6 | I38: =IF(_PENDIENTES!$B$32<>"",_PENDIENTES!$I$32,"") -> SAUCEDO LOPEZ ELDIN NOLASCO | J38: =IF(_PENDIENTES!$B$32<>"",_PENDIENTES!$J$32,"") -> EUH699 | K38: =IF(_PENDIENTES!$B$32<>"","POR RECOGER","") -> POR RECOGER | L38: =IF(_PENDIENTES!$B$32<>"",_PENDIENTES!$K$32,"") -> 0 | M38: =IF(_PENDIENTES!$B$32<>"",_PENDIENTES!$B$32,"") -> COLLONCE | N38: =IF(_PENDIENTES!$B$32<>"",_PENDIENTES!$L$32,"") -> COLLONCE
A39: =IF(_PENDIENTES!$B$33<>"",32,"") -> 32 | B39: =IF(_PENDIENTES!$B$33<>"",_PENDIENTES!$A$33,"") -> ENE | C39: =IF(_PENDIENTES!$B$33<>"",_PENDIENTES!$C$33,"") -> ROJAS VARGAS MARIA CARMEN | D39: =IF(_PENDIENTES!$B$33<>"",_PENDIENTES!$D$33,"") -> 47181498 | E39: =IF(_PENDIENTES!$B$33<>"",_PENDIENTES!$E$33,"") -> 19/01/2026 | F39: =IF(_PENDIENTES!$B$33<>"",_PENDIENTES!$F$33,"") -> GASOLINA | G39: =IF(_PENDIENTES!$B$33<>"",_PENDIENTES!$G$33,"") -> 8 | H39: =IF(_PENDIENTES!$B$33<>"",_PENDIENTES!$H$33,"") -> 143.6 | I39: =IF(_PENDIENTES!$B$33<>"",_PENDIENTES!$I$33,"") -> MAGNO CULQUIMBOS RUIZ | J39: =IF(_PENDIENTES!$B$33<>"",_PENDIENTES!$J$33,"") -> EUE-469 | K39: =IF(_PENDIENTES!$B$33<>"","POR RECOGER","") -> POR RECOGER | L39: =IF(_PENDIENTES!$B$33<>"",_PENDIENTES!$K$33,"") -> 0 | M39: =IF(_PENDIENTES!$B$33<>"",_PENDIENTES!$B$33,"") -> MOLINOPAMPA | N39: =IF(_PENDIENTES!$B$33<>"",_PENDIENTES!$L$33,"") -> MOLINOPAMPA
A40: =IF(_PENDIENTES!$B$34<>"",33,"") -> 33 | B40: =IF(_PENDIENTES!$B$34<>"",_PENDIENTES!$A$34,"") -> ENE | C40: =IF(_PENDIENTES!$B$34<>"",_PENDIENTES!$C$34,"") -> IZQUERDO CORDOVA LUZ MERY | D40: =IF(_PENDIENTES!$B$34<>"",_PENDIENTES!$D$34,"") -> 46555340 | E40: =IF(_PENDIENTES!$B$34<>"",_PENDIENTES!$E$34,"") -> 20/01/2026 | F40: =IF(_PENDIENTES!$B$34<>"",_PENDIENTES!$F$34,"") -> PETROLEO | G40: =IF(_PENDIENTES!$B$34<>"",_PENDIENTES!$G$34,"") -> 20 | H40: =IF(_PENDIENTES!$B$34<>"",_PENDIENTES!$H$34,"") -> 363.6 | I40: =IF(_PENDIENTES!$B$34<>"",_PENDIENTES!$I$34,"") -> SAUCEDO LOPEZ ELDIN NOLASCO | J40: =IF(_PENDIENTES!$B$34<>"",_PENDIENTES!$J$34,"") -> EUH699 | K40: =IF(_PENDIENTES!$B$34<>"","POR RECOGER","") -> POR RECOGER | L40: =IF(_PENDIENTES!$B$34<>"",_PENDIENTES!$K$34,"") -> COLLONCE | M40: =IF(_PENDIENTES!$B$34<>"",_PENDIENTES!$B$34,"") -> COLLONCE | N40: =IF(_PENDIENTES!$B$34<>"",_PENDIENTES!$L$34,"") -> YAULICACHI
A41: =IF(_PENDIENTES!$B$35<>"",34,"") -> 34 | B41: =IF(_PENDIENTES!$B$35<>"",_PENDIENTES!$A$35,"") -> ENE | C41: =IF(_PENDIENTES!$B$35<>"",_PENDIENTES!$C$35,"") -> CHAVEZ LLANOS MILAGRO JHUDITH | D41: =IF(_PENDIENTES!$B$35<>"",_PENDIENTES!$D$35,"") -> 78374986 | E41: =IF(_PENDIENTES!$B$35<>"",_PENDIENTES!$E$35,"") -> 02/01/2026 | F41: =IF(_PENDIENTES!$B$35<>"",_PENDIENTES!$F$35,"") -> PETROLEO | G41: =IF(_PENDIENTES!$B$35<>"",_PENDIENTES!$G$35,"") -> 7.5 | H41: =IF(_PENDIENTES!$B$35<>"",_PENDIENTES!$H$35,"") -> 136.35 | I41: =IF(_PENDIENTES!$B$35<>"",_PENDIENTES!$I$35,"") -> CHAVEZ MORI DIMAS | J41: =IF(_PENDIENTES!$B$35<>"",_PENDIENTES!$J$35,"") -> EUH 636 | K41: =IF(_PENDIENTES!$B$35<>"","POR RECOGER","") -> POR RECOGER | L41: =IF(_PENDIENTES!$B$35<>"",_PENDIENTES!$K$35,"") -> 0 | M41: =IF(_PENDIENTES!$B$35<>"",_PENDIENTES!$B$35,"") -> LEYMEBAMBA | N41: =IF(_PENDIENTES!$B$35<>"",_PENDIENTES!$L$35,"") -> LEYMEBAMBA
A42: =IF(_PENDIENTES!$B$36<>"",35,"") -> 35 | B42: =IF(_PENDIENTES!$B$36<>"",_PENDIENTES!$A$36,"") -> ENE | C42: =IF(_PENDIENTES!$B$36<>"",_PENDIENTES!$C$36,"") -> ROJAS SILVA JOSE ALVINO | D42: =IF(_PENDIENTES!$B$36<>"",_PENDIENTES!$D$36,"") -> 33417523 | E42: =IF(_PENDIENTES!$B$36<>"",_PENDIENTES!$E$36,"") -> 09/01/2026 | F42: =IF(_PENDIENTES!$B$36<>"",_PENDIENTES!$F$36,"") -> PETROLEO | G42: =IF(_PENDIENTES!$B$36<>"",_PENDIENTES!$G$36,"") -> 6 | H42: =IF(_PENDIENTES!$B$36<>"",_PENDIENTES!$H$36,"") -> 109.08 | I42: =IF(_PENDIENTES!$B$36<>"",_PENDIENTES!$I$36,"") -> SALCEDO ZAGACETA FEDERICO | J42: =IF(_PENDIENTES!$B$36<>"",_PENDIENTES!$J$36,"") -> EUH-636 | K42: =IF(_PENDIENTES!$B$36<>"","POR RECOGER","") -> POR RECOGER | L42: =IF(_PENDIENTES!$B$36<>"",_PENDIENTES!$K$36,"") -> 0 | M42: =IF(_PENDIENTES!$B$36<>"",_PENDIENTES!$B$36,"") -> LEYMEBAMBA | N42: =IF(_PENDIENTES!$B$36<>"",_PENDIENTES!$L$36,"") -> LEYMEBAMBA
A43: =IF(_PENDIENTES!$B$37<>"",36,"") -> 36 | B43: =IF(_PENDIENTES!$B$37<>"",_PENDIENTES!$A$37,"") -> ENE | C43: =IF(_PENDIENTES!$B$37<>"",_PENDIENTES!$C$37,"") -> HERAS TRAUCO MAYRITH ELIZABETH | D43: =IF(_PENDIENTES!$B$37<>"",_PENDIENTES!$D$37,"") -> 75528172 | E43: =IF(_PENDIENTES!$B$37<>"",_PENDIENTES!$E$37,"") -> 19/01/2026 | F43: =IF(_PENDIENTES!$B$37<>"",_PENDIENTES!$F$37,"") -> PETROLEO | G43: =IF(_PENDIENTES!$B$37<>"",_PENDIENTES!$G$37,"") -> 7.5 | H43: =IF(_PENDIENTES!$B$37<>"",_PENDIENTES!$H$37,"") -> 136.35 | I43: =IF(_PENDIENTES!$B$37<>"",_PENDIENTES!$I$37,"") -> SALCEDO ZAGACETA FEDERICO | J43: =IF(_PENDIENTES!$B$37<>"",_PENDIENTES!$J$37,"") -> EUH-636 | K43: =IF(_PENDIENTES!$B$37<>"","POR RECOGER","") -> POR RECOGER | L43: =IF(_PENDIENTES!$B$37<>"",_PENDIENTES!$K$37,"") -> 0 | M43: =IF(_PENDIENTES!$B$37<>"",_PENDIENTES!$B$37,"") -> LEYMEBAMBA | N43: =IF(_PENDIENTES!$B$37<>"",_PENDIENTES!$L$37,"") -> LEYMEBAMBA
A44: =IF(_PENDIENTES!$B$38<>"",37,"") -> 37 | B44: =IF(_PENDIENTES!$B$38<>"",_PENDIENTES!$A$38,"") -> ENE | C44: =IF(_PENDIENTES!$B$38<>"",_PENDIENTES!$C$38,"") -> OLASCUAGA ALVA GILVER | D44: =IF(_PENDIENTES!$B$38<>"",_PENDIENTES!$D$38,"") -> 33813117 | E44: =IF(_PENDIENTES!$B$38<>"",_PENDIENTES!$E$38,"") -> 23/01/2026 | F44: =IF(_PENDIENTES!$B$38<>"",_PENDIENTES!$F$38,"") -> PETROLEO | G44: =IF(_PENDIENTES!$B$38<>"",_PENDIENTES!$G$38,"") -> 20 | H44: =IF(_PENDIENTES!$B$38<>"",_PENDIENTES!$H$38,"") -> 363.6 | I44: =IF(_PENDIENTES!$B$38<>"",_PENDIENTES!$I$38,"") -> SAUCEDO LOPEZ ELDIN NOLASCO | J44: =IF(_PENDIENTES!$B$38<>"",_PENDIENTES!$J$38,"") -> EUH699 | K44: =IF(_PENDIENTES!$B$38<>"","POR RECOGER","") -> POR RECOGER | L44: =IF(_PENDIENTES!$B$38<>"",_PENDIENTES!$K$38,"") -> COLLONCE | M44: =IF(_PENDIENTES!$B$38<>"",_PENDIENTES!$B$38,"") -> COLLONCE | N44: =IF(_PENDIENTES!$B$38<>"",_PENDIENTES!$L$38,"") -> SAN JUAN DE OCUMAL
A45: =IF(_PENDIENTES!$B$39<>"",38,"") -> 38 | B45: =IF(_PENDIENTES!$B$39<>"",_PENDIENTES!$A$39,"") -> ENE | C45: =IF(_PENDIENTES!$B$39<>"",_PENDIENTES!$C$39,"") -> LOPEZ CHAVEZ MARIA | D45: =IF(_PENDIENTES!$B$39<>"",_PENDIENTES!$D$39,"") -> 46555340 | E45: =IF(_PENDIENTES!$B$39<>"",_PENDIENTES!$E$39,"") -> 26/01/2026 | F45: =IF(_PENDIENTES!$B$39<>"",_PENDIENTES!$F$39,"") -> PETROLEO | G45: =IF(_PENDIENTES!$B$39<>"",_PENDIENTES!$G$39,"") -> 20 | H45: =IF(_PENDIENTES!$B$39<>"",_PENDIENTES!$H$39,"") -> 363.6 | I45: =IF(_PENDIENTES!$B$39<>"",_PENDIENTES!$I$39,"") -> SAUCEDO LOPEZ ELDIN NOLASCO | J45: =IF(_PENDIENTES!$B$39<>"",_PENDIENTES!$J$39,"") -> EUH699 | K45: =IF(_PENDIENTES!$B$39<>"","POR RECOGER","") -> POR RECOGER | L45: =IF(_PENDIENTES!$B$39<>"",_PENDIENTES!$K$39,"") -> COLLONCE | M45: =IF(_PENDIENTES!$B$39<>"",_PENDIENTES!$B$39,"") -> COLLONCE | N45: =IF(_PENDIENTES!$B$39<>"",_PENDIENTES!$L$39,"") -> YAULICACHI
A46: =IF(_PENDIENTES!$B$40<>"",39,"") -> 39 | B46: =IF(_PENDIENTES!$B$40<>"",_PENDIENTES!$A$40,"") -> ENE | C46: =IF(_PENDIENTES!$B$40<>"",_PENDIENTES!$C$40,"") -> SOPLIN CRUZ ITALA | D46: =IF(_PENDIENTES!$B$40<>"",_PENDIENTES!$D$40,"") -> 46091617 | E46: =IF(_PENDIENTES!$B$40<>"",_PENDIENTES!$E$40,"") -> 12/01/2026 | F46: =IF(_PENDIENTES!$B$40<>"",_PENDIENTES!$F$40,"") -> PETROLEO | G46: =IF(_PENDIENTES!$B$40<>"",_PENDIENTES!$G$40,"") -> 5 | H46: =IF(_PENDIENTES!$B$40<>"",_PENDIENTES!$H$40,"") -> 90.9 | I46: =IF(_PENDIENTES!$B$40<>"",_PENDIENTES!$I$40,"") -> VILCARROMERO TORREJON HERMERSON | J46: =IF(_PENDIENTES!$B$40<>"",_PENDIENTES!$J$40,"") -> EUD-917 | K46: =IF(_PENDIENTES!$B$40<>"","POR RECOGER","") -> POR RECOGER | L46: =IF(_PENDIENTES!$B$40<>"",_PENDIENTES!$K$40,"") -> 0 | M46: =IF(_PENDIENTES!$B$40<>"",_PENDIENTES!$B$40,"") -> TINGO | N46: =IF(_PENDIENTES!$B$40<>"",_PENDIENTES!$L$40,"") -> TINGO
A47: =IF(_PENDIENTES!$B$41<>"",40,"") -> 40 | B47: =IF(_PENDIENTES!$B$41<>"",_PENDIENTES!$A$41,"") -> ENE | C47: =IF(_PENDIENTES!$B$41<>"",_PENDIENTES!$C$41,"") -> REVILLA CASTREJO ROSA | D47: =IF(_PENDIENTES!$B$41<>"",_PENDIENTES!$D$41,"") -> 72926269 | E47: =IF(_PENDIENTES!$B$41<>"",_PENDIENTES!$E$41,"") -> 24/01/2026 | F47: =IF(_PENDIENTES!$B$41<>"",_PENDIENTES!$F$41,"") -> PETROLEO | G47: =IF(_PENDIENTES!$B$41<>"",_PENDIENTES!$G$41,"") -> 5 | H47: =IF(_PENDIENTES!$B$41<>"",_PENDIENTES!$H$41,"") -> 90.9 | I47: =IF(_PENDIENTES!$B$41<>"",_PENDIENTES!$I$41,"") -> VILCARROMERO TORREJON HERMERSON | J47: =IF(_PENDIENTES!$B$41<>"",_PENDIENTES!$J$41,"") -> EUD-917 | K47: =IF(_PENDIENTES!$B$41<>"","POR RECOGER","") -> POR RECOGER | L47: =IF(_PENDIENTES!$B$41<>"",_PENDIENTES!$K$41,"") -> 0 | M47: =IF(_PENDIENTES!$B$41<>"",_PENDIENTES!$B$41,"") -> TINGO | N47: =IF(_PENDIENTES!$B$41<>"",_PENDIENTES!$L$41,"") -> TINGO
A48: =IF(_PENDIENTES!$B$42<>"",41,"") -> 41 | B48: =IF(_PENDIENTES!$B$42<>"",_PENDIENTES!$A$42,"") -> ENE | C48: =IF(_PENDIENTES!$B$42<>"",_PENDIENTES!$C$42,"") -> SUCASACA GOMEZ MILAGROS SOFIA | D48: =IF(_PENDIENTES!$B$42<>"",_PENDIENTES!$D$42,"") -> 77664061 | E48: =IF(_PENDIENTES!$B$42<>"",_PENDIENTES!$E$42,"") -> 04/01/2026 | F48: =IF(_PENDIENTES!$B$42<>"",_PENDIENTES!$F$42,"") -> PETROLEO | G48: =IF(_PENDIENTES!$B$42<>"",_PENDIENTES!$G$42,"") -> 4 | H48: =IF(_PENDIENTES!$B$42<>"",_PENDIENTES!$H$42,"") -> 72.72 | I48: =IF(_PENDIENTES!$B$42<>"",_PENDIENTES!$I$42,"") -> DANIEL ZELADA TRUJILLO | J48: =IF(_PENDIENTES!$B$42<>"",_PENDIENTES!$J$42,"") -> EUA-963 | K48: =IF(_PENDIENTES!$B$42<>"","POR RECOGER","") -> POR RECOGER | L48: =IF(_PENDIENTES!$B$42<>"",_PENDIENTES!$K$42,"") -> 0 | M48: =IF(_PENDIENTES!$B$42<>"",_PENDIENTES!$B$42,"") -> LAMUD | N48: =IF(_PENDIENTES!$B$42<>"",_PENDIENTES!$L$42,"") -> LAMUD
A49: =IF(_PENDIENTES!$B$43<>"",42,"") -> 42 | B49: =IF(_PENDIENTES!$B$43<>"",_PENDIENTES!$A$43,"") -> ENE | C49: =IF(_PENDIENTES!$B$43<>"",_PENDIENTES!$C$43,"") -> CULQUI LOPEZHAYA EMILIO | D49: =IF(_PENDIENTES!$B$43<>"",_PENDIENTES!$D$43,"") -> 33729630 | E49: =IF(_PENDIENTES!$B$43<>"",_PENDIENTES!$E$43,"") -> 02/01/2026 | F49: =IF(_PENDIENTES!$B$43<>"",_PENDIENTES!$F$43,"") -> PETROLEO | G49: =IF(_PENDIENTES!$B$43<>"",_PENDIENTES!$G$43,"") -> 5 | H49: =IF(_PENDIENTES!$B$43<>"",_PENDIENTES!$H$43,"") -> 90.9 | I49: =IF(_PENDIENTES!$B$43<>"",_PENDIENTES!$I$43,"") -> RIOS CHAVEZ WUILQUE | J49: =IF(_PENDIENTES!$B$43<>"",_PENDIENTES!$J$43,"") -> EUD360 | K49: =IF(_PENDIENTES!$B$43<>"","POR RECOGER","") -> POR RECOGER | L49: =IF(_PENDIENTES!$B$43<>"",_PENDIENTES!$K$43,"") -> 0 | M49: =IF(_PENDIENTES!$B$43<>"",_PENDIENTES!$B$43,"") -> PEDRO RUIZ GALLO | N49: =IF(_PENDIENTES!$B$43<>"",_PENDIENTES!$L$43,"") -> PEDRO RUIZ GALLO
A50: =IF(_PENDIENTES!$B$44<>"",43,"") -> 43 | B50: =IF(_PENDIENTES!$B$44<>"",_PENDIENTES!$A$44,"") -> ENE | C50: =IF(_PENDIENTES!$B$44<>"",_PENDIENTES!$C$44,"") -> OBLITAS SOLANO NILO | D50: =IF(_PENDIENTES!$B$44<>"",_PENDIENTES!$D$44,"") -> 33784375 | E50: =IF(_PENDIENTES!$B$44<>"",_PENDIENTES!$E$44,"") -> 05/01/2026 | F50: =IF(_PENDIENTES!$B$44<>"",_PENDIENTES!$F$44,"") -> PETROLEO | G50: =IF(_PENDIENTES!$B$44<>"",_PENDIENTES!$G$44,"") -> 20 | H50: =IF(_PENDIENTES!$B$44<>"",_PENDIENTES!$H$44,"") -> 363.6 | I50: =IF(_PENDIENTES!$B$44<>"",_PENDIENTES!$I$44,"") -> GUEVARA VASQUEZ GREIMER MELGAR | J50: =IF(_PENDIENTES!$B$44<>"",_PENDIENTES!$J$44,"") -> EUE 651 | K50: =IF(_PENDIENTES!$B$44<>"","POR RECOGER","") -> POR RECOGER | L50: =IF(_PENDIENTES!$B$44<>"",_PENDIENTES!$K$44,"") -> 0 | M50: =IF(_PENDIENTES!$B$44<>"",_PENDIENTES!$B$44,"") -> CAMPORREDONDO | N50: =IF(_PENDIENTES!$B$44<>"",_PENDIENTES!$L$44,"") -> CAMPORREDONDO
A51: =IF(_PENDIENTES!$B$45<>"",44,"") -> 44 | B51: =IF(_PENDIENTES!$B$45<>"",_PENDIENTES!$A$45,"") -> ENE | C51: =IF(_PENDIENTES!$B$45<>"",_PENDIENTES!$C$45,"") -> GALOC CHAVEZ MAYLI LEONOR | D51: =IF(_PENDIENTES!$B$45<>"",_PENDIENTES!$D$45,"") -> 60030450 | E51: =IF(_PENDIENTES!$B$45<>"",_PENDIENTES!$E$45,"") -> 08/01/2026 | F51: =IF(_PENDIENTES!$B$45<>"",_PENDIENTES!$F$45,"") -> PETROLEO | G51: =IF(_PENDIENTES!$B$45<>"",_PENDIENTES!$G$45,"") -> 5 | H51: =IF(_PENDIENTES!$B$45<>"",_PENDIENTES!$H$45,"") -> 90.9 | I51: =IF(_PENDIENTES!$B$45<>"",_PENDIENTES!$I$45,"") -> RIOS CHAVEZ WUILQUE | J51: =IF(_PENDIENTES!$B$45<>"",_PENDIENTES!$J$45,"") -> EUD360 | K51: =IF(_PENDIENTES!$B$45<>"","POR RECOGER","") -> POR RECOGER | L51: =IF(_PENDIENTES!$B$45<>"",_PENDIENTES!$K$45,"") -> 0 | M51: =IF(_PENDIENTES!$B$45<>"",_PENDIENTES!$B$45,"") -> PEDRO RUIZ GALLO | N51: =IF(_PENDIENTES!$B$45<>"",_PENDIENTES!$L$45,"") -> PEDRO RUIZ GALLO
A52: =IF(_PENDIENTES!$B$46<>"",45,"") -> 45 | B52: =IF(_PENDIENTES!$B$46<>"",_PENDIENTES!$A$46,"") -> ENE | C52: =IF(_PENDIENTES!$B$46<>"",_PENDIENTES!$C$46,"") -> ARANA LOPEZ MARILIZ MISHEL | D52: =IF(_PENDIENTES!$B$46<>"",_PENDIENTES!$D$46,"") -> 78095143 | E52: =IF(_PENDIENTES!$B$46<>"",_PENDIENTES!$E$46,"") -> 10/01/2026 | F52: =IF(_PENDIENTES!$B$46<>"",_PENDIENTES!$F$46,"") -> PETROLEO | G52: =IF(_PENDIENTES!$B$46<>"",_PENDIENTES!$G$46,"") -> 12 | H52: =IF(_PENDIENTES!$B$46<>"",_PENDIENTES!$H$46,"") -> 243 | I52: =IF(_PENDIENTES!$B$46<>"",_PENDIENTES!$I$46,"") -> VILLA GONGORA RODVIN LUIS | J52: =IF(_PENDIENTES!$B$46<>"",_PENDIENTES!$J$46,"") -> EUD-684 | K52: =IF(_PENDIENTES!$B$46<>"","POR RECOGER","") -> POR RECOGER | L52: =IF(_PENDIENTES!$B$46<>"",_PENDIENTES!$K$46,"") -> TOTORA | M52: =IF(_PENDIENTES!$B$46<>"",_PENDIENTES!$B$46,"") -> TOTORA | N52: =IF(_PENDIENTES!$B$46<>"",_PENDIENTES!$L$46,"") -> EL TRIUNFO
A53: =IF(_PENDIENTES!$B$47<>"",46,"") -> 46 | B53: =IF(_PENDIENTES!$B$47<>"",_PENDIENTES!$A$47,"") -> ENE | C53: =IF(_PENDIENTES!$B$47<>"",_PENDIENTES!$C$47,"") -> VILLAVICENCIO HERNANDEZ WIDMER | D53: =IF(_PENDIENTES!$B$47<>"",_PENDIENTES!$D$47,"") -> 42347377 | E53: =IF(_PENDIENTES!$B$47<>"",_PENDIENTES!$E$47,"") -> 12/01/2026 | F53: =IF(_PENDIENTES!$B$47<>"",_PENDIENTES!$F$47,"") -> PETROLEO | G53: =IF(_PENDIENTES!$B$47<>"",_PENDIENTES!$G$47,"") -> 6 | H53: =IF(_PENDIENTES!$B$47<>"",_PENDIENTES!$H$47,"") -> 121.5 | I53: =IF(_PENDIENTES!$B$47<>"",_PENDIENTES!$I$47,"") -> VILLA GONGORA RODVIN LUIS | J53: =IF(_PENDIENTES!$B$47<>"",_PENDIENTES!$J$47,"") -> EUD-684 | K53: =IF(_PENDIENTES!$B$47<>"","POR RECOGER","") -> POR RECOGER | L53: =IF(_PENDIENTES!$B$47<>"",_PENDIENTES!$K$47,"") -> 0 | M53: =IF(_PENDIENTES!$B$47<>"",_PENDIENTES!$B$47,"") -> TOTORA | N53: =IF(_PENDIENTES!$B$47<>"",_PENDIENTES!$L$47,"") -> TOTORA
A54: =IF(_PENDIENTES!$B$48<>"",47,"") -> 47 | B54: =IF(_PENDIENTES!$B$48<>"",_PENDIENTES!$A$48,"") -> ENE | C54: =IF(_PENDIENTES!$B$48<>"",_PENDIENTES!$C$48,"") -> VARGAS GRANDEZ GUSTAVO | D54: =IF(_PENDIENTES!$B$48<>"",_PENDIENTES!$D$48,"") -> 33944112 | E54: =IF(_PENDIENTES!$B$48<>"",_PENDIENTES!$E$48,"") -> 15/01/2026 | F54: =IF(_PENDIENTES!$B$48<>"",_PENDIENTES!$F$48,"") -> PETROLEO | G54: =IF(_PENDIENTES!$B$48<>"",_PENDIENTES!$G$48,"") -> 3 | H54: =IF(_PENDIENTES!$B$48<>"",_PENDIENTES!$H$48,"") -> 60.75 | I54: =IF(_PENDIENTES!$B$48<>"",_PENDIENTES!$I$48,"") -> LOPEZ HOYOS MIGUEL ANGEL | J54: =IF(_PENDIENTES!$B$48<>"",_PENDIENTES!$J$48,"") -> EUH-698 | K54: =IF(_PENDIENTES!$B$48<>"","POR RECOGER","") -> POR RECOGER | L54: =IF(_PENDIENTES!$B$48<>"",_PENDIENTES!$K$48,"") -> 0 | M54: =IF(_PENDIENTES!$B$48<>"",_PENDIENTES!$B$48,"") -> HUAMBO | N54: =IF(_PENDIENTES!$B$48<>"",_PENDIENTES!$L$48,"") -> HUAMBO
A55: =IF(_PENDIENTES!$B$49<>"",48,"") -> 48 | B55: =IF(_PENDIENTES!$B$49<>"",_PENDIENTES!$A$49,"") -> ENE | C55: =IF(_PENDIENTES!$B$49<>"",_PENDIENTES!$C$49,"") -> CHAVEZ YOMONA MILTON | D55: =IF(_PENDIENTES!$B$49<>"",_PENDIENTES!$D$49,"") -> 33738999 | E55: =IF(_PENDIENTES!$B$49<>"",_PENDIENTES!$E$49,"") -> 20/01/2026 | F55: =IF(_PENDIENTES!$B$49<>"",_PENDIENTES!$F$49,"") -> GASOLINA | G55: =IF(_PENDIENTES!$B$49<>"",_PENDIENTES!$G$49,"") -> 6 | H55: =IF(_PENDIENTES!$B$49<>"",_PENDIENTES!$H$49,"") -> 107.7 | I55: =IF(_PENDIENTES!$B$49<>"",_PENDIENTES!$I$49,"") -> RIOS CHAVEZ WUILQUE | J55: =IF(_PENDIENTES!$B$49<>"",_PENDIENTES!$J$49,"") -> EUD360 | K55: =IF(_PENDIENTES!$B$49<>"","POR RECOGER","") -> POR RECOGER | L55: =IF(_PENDIENTES!$B$49<>"",_PENDIENTES!$K$49,"") -> 0 | M55: =IF(_PENDIENTES!$B$49<>"",_PENDIENTES!$B$49,"") -> PEDRO RUIZ GALLO | N55: =IF(_PENDIENTES!$B$49<>"",_PENDIENTES!$L$49,"") -> PEDRO RUIZ GALLO
A56: =IF(_PENDIENTES!$B$50<>"",49,"") -> 49 | B56: =IF(_PENDIENTES!$B$50<>"",_PENDIENTES!$A$50,"") -> ENE | C56: =IF(_PENDIENTES!$B$50<>"",_PENDIENTES!$C$50,"") -> MEZA GUERRA SEBASTIAN LUIS ALEXANDER | D56: =IF(_PENDIENTES!$B$50<>"",_PENDIENTES!$D$50,"") -> 91006502 | E56: =IF(_PENDIENTES!$B$50<>"",_PENDIENTES!$E$50,"") -> 20/01/2026 | F56: =IF(_PENDIENTES!$B$50<>"",_PENDIENTES!$F$50,"") -> PETROLEO | G56: =IF(_PENDIENTES!$B$50<>"",_PENDIENTES!$G$50,"") -> 5 | H56: =IF(_PENDIENTES!$B$50<>"",_PENDIENTES!$H$50,"") -> 90.9 | I56: =IF(_PENDIENTES!$B$50<>"",_PENDIENTES!$I$50,"") -> RIOS CHAVEZ WUILQUE | J56: =IF(_PENDIENTES!$B$50<>"",_PENDIENTES!$J$50,"") -> EUD360 | K56: =IF(_PENDIENTES!$B$50<>"","POR RECOGER","") -> POR RECOGER | L56: =IF(_PENDIENTES!$B$50<>"",_PENDIENTES!$K$50,"") -> 0 | M56: =IF(_PENDIENTES!$B$50<>"",_PENDIENTES!$B$50,"") -> PEDRO RUIZ GALLO | N56: =IF(_PENDIENTES!$B$50<>"",_PENDIENTES!$L$50,"") -> PEDRO RUIZ GALLO
A57: =IF(_PENDIENTES!$B$51<>"",50,"") -> 50 | B57: =IF(_PENDIENTES!$B$51<>"",_PENDIENTES!$A$51,"") -> ENE | C57: =IF(_PENDIENTES!$B$51<>"",_PENDIENTES!$C$51,"") -> LOPEZ RIVA KELLY | D57: =IF(_PENDIENTES!$B$51<>"",_PENDIENTES!$D$51,"") -> 75083848 | E57: =IF(_PENDIENTES!$B$51<>"",_PENDIENTES!$E$51,"") -> 22/01/2026 | F57: =IF(_PENDIENTES!$B$51<>"",_PENDIENTES!$F$51,"") -> PETROLEO | G57: =IF(_PENDIENTES!$B$51<>"",_PENDIENTES!$G$51,"") -> 8 | H57: =IF(_PENDIENTES!$B$51<>"",_PENDIENTES!$H$51,"") -> 162 | I57: =IF(_PENDIENTES!$B$51<>"",_PENDIENTES!$I$51,"") -> VILLA GONGORA RODVIN LUIS | J57: =IF(_PENDIENTES!$B$51<>"",_PENDIENTES!$J$51,"") -> EUD-684 | K57: =IF(_PENDIENTES!$B$51<>"","POR RECOGER","") -> POR RECOGER | L57: =IF(_PENDIENTES!$B$51<>"",_PENDIENTES!$K$51,"") -> TOTORA | M57: =IF(_PENDIENTES!$B$51<>"",_PENDIENTES!$B$51,"") -> TOTORA | N57: =IF(_PENDIENTES!$B$51<>"",_PENDIENTES!$L$51,"") -> LIMABAMBA
A58: =IF(_PENDIENTES!$B$52<>"",51,"") -> 51 | B58: =IF(_PENDIENTES!$B$52<>"",_PENDIENTES!$A$52,"") -> ENE | C58: =IF(_PENDIENTES!$B$52<>"",_PENDIENTES!$C$52,"") -> CASAS AGUILAR JUAN | D58: =IF(_PENDIENTES!$B$52<>"",_PENDIENTES!$D$52,"") -> 80233101 | E58: =IF(_PENDIENTES!$B$52<>"",_PENDIENTES!$E$52,"") -> 23/01/2026 | F58: =IF(_PENDIENTES!$B$52<>"",_PENDIENTES!$F$52,"") -> PETROLEO | G58: =IF(_PENDIENTES!$B$52<>"",_PENDIENTES!$G$52,"") -> 5 | H58: =IF(_PENDIENTES!$B$52<>"",_PENDIENTES!$H$52,"") -> 90.9 | I58: =IF(_PENDIENTES!$B$52<>"",_PENDIENTES!$I$52,"") -> MONTENEGRO RUIZ LUIS MIGUEL | J58: =IF(_PENDIENTES!$B$52<>"",_PENDIENTES!$J$52,"") -> EUH-427 | K58: =IF(_PENDIENTES!$B$52<>"","POR RECOGER","") -> POR RECOGER | L58: =IF(_PENDIENTES!$B$52<>"",_PENDIENTES!$K$52,"") -> 0 | M58: =IF(_PENDIENTES!$B$52<>"",_PENDIENTES!$B$52,"") -> PEDRO RUIZ GALLO | N58: =IF(_PENDIENTES!$B$52<>"",_PENDIENTES!$L$52,"") -> PEDRO RUIZ GALLO
A59: =IF(_PENDIENTES!$B$53<>"",52,"") -> 52 | B59: =IF(_PENDIENTES!$B$53<>"",_PENDIENTES!$A$53,"") -> ENE | C59: =IF(_PENDIENTES!$B$53<>"",_PENDIENTES!$C$53,"") -> HUAMAN LOPEZ FIDENCIO ARTEMIO | D59: =IF(_PENDIENTES!$B$53<>"",_PENDIENTES!$D$53,"") -> 33946769 | E59: =IF(_PENDIENTES!$B$53<>"",_PENDIENTES!$E$53,"") -> 24/01/2026 | F59: =IF(_PENDIENTES!$B$53<>"",_PENDIENTES!$F$53,"") -> PETROLEO | G59: =IF(_PENDIENTES!$B$53<>"",_PENDIENTES!$G$53,"") -> 10 | H59: =IF(_PENDIENTES!$B$53<>"",_PENDIENTES!$H$53,"") -> 202.5 | I59: =IF(_PENDIENTES!$B$53<>"",_PENDIENTES!$I$53,"") -> VILLA GONGORA RODVIN LUIS | J59: =IF(_PENDIENTES!$B$53<>"",_PENDIENTES!$J$53,"") -> EUD-684 | K59: =IF(_PENDIENTES!$B$53<>"","POR RECOGER","") -> POR RECOGER | L59: =IF(_PENDIENTES!$B$53<>"",_PENDIENTES!$K$53,"") -> TOTORA | M59: =IF(_PENDIENTES!$B$53<>"",_PENDIENTES!$B$53,"") -> TOTORA | N59: =IF(_PENDIENTES!$B$53<>"",_PENDIENTES!$L$53,"") -> LIMABAMBA
A60: =IF(_PENDIENTES!$B$54<>"",53,"") -> 53 | B60: =IF(_PENDIENTES!$B$54<>"",_PENDIENTES!$A$54,"") -> ENE | C60: =IF(_PENDIENTES!$B$54<>"",_PENDIENTES!$C$54,"") -> EDQUEN IDROGO MAXIMILIANO | D60: =IF(_PENDIENTES!$B$54<>"",_PENDIENTES!$D$54,"") -> 33431626 | E60: =IF(_PENDIENTES!$B$54<>"",_PENDIENTES!$E$54,"") -> 24/01/2026 | F60: =IF(_PENDIENTES!$B$54<>"",_PENDIENTES!$F$54,"") -> PETROLEO | G60: =IF(_PENDIENTES!$B$54<>"",_PENDIENTES!$G$54,"") -> 6 | H60: =IF(_PENDIENTES!$B$54<>"",_PENDIENTES!$H$54,"") -> 109.08 | I60: =IF(_PENDIENTES!$B$54<>"",_PENDIENTES!$I$54,"") -> SANCHEZ CAJO VICENTE | J60: =IF(_PENDIENTES!$B$54<>"",_PENDIENTES!$J$54,"") -> EGL-296 | K60: =IF(_PENDIENTES!$B$54<>"","POR RECOGER","") -> POR RECOGER | L60: =IF(_PENDIENTES!$B$54<>"",_PENDIENTES!$K$54,"") -> 0 | M60: =IF(_PENDIENTES!$B$54<>"",_PENDIENTES!$B$54,"") -> YERBABUENA | N60: =IF(_PENDIENTES!$B$54<>"",_PENDIENTES!$L$54,"") -> YERBABUENA
A61: =IF(_PENDIENTES!$B$55<>"",54,"") -> 54 | B61: =IF(_PENDIENTES!$B$55<>"",_PENDIENTES!$A$55,"") -> ENE | C61: =IF(_PENDIENTES!$B$55<>"",_PENDIENTES!$C$55,"") -> HERNANDEZ DE LOPEZ CLOTILDE | D61: =IF(_PENDIENTES!$B$55<>"",_PENDIENTES!$D$55,"") -> 33945367 | E61: =IF(_PENDIENTES!$B$55<>"",_PENDIENTES!$E$55,"") -> 26/01/2026 | F61: =IF(_PENDIENTES!$B$55<>"",_PENDIENTES!$F$55,"") -> PETROLEO | G61: =IF(_PENDIENTES!$B$55<>"",_PENDIENTES!$G$55,"") -> 3 | H61: =IF(_PENDIENTES!$B$55<>"",_PENDIENTES!$H$55,"") -> 60.75 | I61: =IF(_PENDIENTES!$B$55<>"",_PENDIENTES!$I$55,"") -> LOPEZ HOYOS MIGUEL ANGEL | J61: =IF(_PENDIENTES!$B$55<>"",_PENDIENTES!$J$55,"") -> EUH-698 | K61: =IF(_PENDIENTES!$B$55<>"","POR RECOGER","") -> POR RECOGER | L61: =IF(_PENDIENTES!$B$55<>"",_PENDIENTES!$K$55,"") -> 0 | M61: =IF(_PENDIENTES!$B$55<>"",_PENDIENTES!$B$55,"") -> HUAMBO | N61: =IF(_PENDIENTES!$B$55<>"",_PENDIENTES!$L$55,"") -> HUAMBO
A62: =IF(_PENDIENTES!$B$56<>"",55,"") -> 55 | B62: =IF(_PENDIENTES!$B$56<>"",_PENDIENTES!$A$56,"") -> ENE | C62: =IF(_PENDIENTES!$B$56<>"",_PENDIENTES!$C$56,"") -> DAZA CHASQUIBOL KARINA | D62: =IF(_PENDIENTES!$B$56<>"",_PENDIENTES!$D$56,"") -> 42056398 | E62: =IF(_PENDIENTES!$B$56<>"",_PENDIENTES!$E$56,"") -> 26/01/2026 | F62: =IF(_PENDIENTES!$B$56<>"",_PENDIENTES!$F$56,"") -> PETROLEO | G62: =IF(_PENDIENTES!$B$56<>"",_PENDIENTES!$G$56,"") -> 5 | H62: =IF(_PENDIENTES!$B$56<>"",_PENDIENTES!$H$56,"") -> 90.9 | I62: =IF(_PENDIENTES!$B$56<>"",_PENDIENTES!$I$56,"") -> MONTENEGRO RUIZ LUIS MIGUEL | J62: =IF(_PENDIENTES!$B$56<>"",_PENDIENTES!$J$56,"") -> EUH-427 | K62: =IF(_PENDIENTES!$B$56<>"","POR RECOGER","") -> POR RECOGER | L62: =IF(_PENDIENTES!$B$56<>"",_PENDIENTES!$K$56,"") -> 0 | M62: =IF(_PENDIENTES!$B$56<>"",_PENDIENTES!$B$56,"") -> PEDRO RUIZ GALLO | N62: =IF(_PENDIENTES!$B$56<>"",_PENDIENTES!$L$56,"") -> PEDRO RUIZ GALLO
A63: =IF(_PENDIENTES!$B$57<>"",56,"") -> 56 | B63: =IF(_PENDIENTES!$B$57<>"",_PENDIENTES!$A$57,"") -> ENE | C63: =IF(_PENDIENTES!$B$57<>"",_PENDIENTES!$C$57,"") -> AGUIRRE CHUQUIPIONDO ELIZABETH | D63: =IF(_PENDIENTES!$B$57<>"",_PENDIENTES!$D$57,"") -> 60229552 | E63: =IF(_PENDIENTES!$B$57<>"",_PENDIENTES!$E$57,"") -> 27/01/2026 | F63: =IF(_PENDIENTES!$B$57<>"",_PENDIENTES!$F$57,"") -> PETROLEO | G63: =IF(_PENDIENTES!$B$57<>"",_PENDIENTES!$G$57,"") -> 7 | H63: =IF(_PENDIENTES!$B$57<>"",_PENDIENTES!$H$57,"") -> 127.26 | I63: =IF(_PENDIENTES!$B$57<>"",_PENDIENTES!$I$57,"") -> BUELOT VISALOT CARLO MAGNO | J63: =IF(_PENDIENTES!$B$57<>"",_PENDIENTES!$J$57,"") -> EUD 634 | K63: =IF(_PENDIENTES!$B$57<>"","POR RECOGER","") -> POR RECOGER | L63: =IF(_PENDIENTES!$B$57<>"",_PENDIENTES!$K$57,"") -> 0 | M63: =IF(_PENDIENTES!$B$57<>"",_PENDIENTES!$B$57,"") -> COLCAMAR | N63: =IF(_PENDIENTES!$B$57<>"",_PENDIENTES!$L$57,"") -> COLCAMAR
A64: =IF(_PENDIENTES!$B$58<>"",57,"") -> 57 | B64: =IF(_PENDIENTES!$B$58<>"",_PENDIENTES!$A$58,"") -> ENE | C64: =IF(_PENDIENTES!$B$58<>"",_PENDIENTES!$C$58,"") -> VALLE HIDALGO JULIA CONSUELO | D64: =IF(_PENDIENTES!$B$58<>"",_PENDIENTES!$D$58,"") -> 33421228 | E64: =IF(_PENDIENTES!$B$58<>"",_PENDIENTES!$E$58,"") -> 29/01/2026 | F64: =IF(_PENDIENTES!$B$58<>"",_PENDIENTES!$F$58,"") -> PETROLEO | G64: =IF(_PENDIENTES!$B$58<>"",_PENDIENTES!$G$58,"") -> 8 | H64: =IF(_PENDIENTES!$B$58<>"",_PENDIENTES!$H$58,"") -> 145.44 | I64: =IF(_PENDIENTES!$B$58<>"",_PENDIENTES!$I$58,"") -> SANCHEZ CAJO VICENTE | J64: =IF(_PENDIENTES!$B$58<>"",_PENDIENTES!$J$58,"") -> EGL-296 | K64: =IF(_PENDIENTES!$B$58<>"","POR RECOGER","") -> POR RECOGER | L64: =IF(_PENDIENTES!$B$58<>"",_PENDIENTES!$K$58,"") -> YERBABUENA | M64: =IF(_PENDIENTES!$B$58<>"",_PENDIENTES!$B$58,"") -> YERBABUENA | N64: =IF(_PENDIENTES!$B$58<>"",_PENDIENTES!$L$58,"") -> DURAZNOPAMPA
A65: =IF(_PENDIENTES!$B$59<>"",58,"") -> 58 | B65: =IF(_PENDIENTES!$B$59<>"",_PENDIENTES!$A$59,"") -> ENE | C65: =IF(_PENDIENTES!$B$59<>"",_PENDIENTES!$C$59,"") -> DIAZ MESIA DIANELIT THALIA | D65: =IF(_PENDIENTES!$B$59<>"",_PENDIENTES!$D$59,"") -> 75729771 | E65: =IF(_PENDIENTES!$B$59<>"",_PENDIENTES!$E$59,"") -> 29/01/2026 | F65: =IF(_PENDIENTES!$B$59<>"",_PENDIENTES!$F$59,"") -> PETROLEO | G65: =IF(_PENDIENTES!$B$59<>"",_PENDIENTES!$G$59,"") -> 7 | H65: =IF(_PENDIENTES!$B$59<>"",_PENDIENTES!$H$59,"") -> 127.26 | I65: =IF(_PENDIENTES!$B$59<>"",_PENDIENTES!$I$59,"") -> BUELOT VISALOT CARLO MAGNO | J65: =IF(_PENDIENTES!$B$59<>"",_PENDIENTES!$J$59,"") -> EUD 634 | K65: =IF(_PENDIENTES!$B$59<>"","POR RECOGER","") -> POR RECOGER | L65: =IF(_PENDIENTES!$B$59<>"",_PENDIENTES!$K$59,"") -> 0 | M65: =IF(_PENDIENTES!$B$59<>"",_PENDIENTES!$B$59,"") -> COLCAMAR | N65: =IF(_PENDIENTES!$B$59<>"",_PENDIENTES!$L$59,"") -> COLCAMAR
A66: =IF(_PENDIENTES!$B$60<>"",59,"") -> 59 | B66: =IF(_PENDIENTES!$B$60<>"",_PENDIENTES!$A$60,"") -> ENE | C66: =IF(_PENDIENTES!$B$60<>"",_PENDIENTES!$C$60,"") -> TORRES CANTA FRANCE YOSELIN | D66: =IF(_PENDIENTES!$B$60<>"",_PENDIENTES!$D$60,"") -> 76059052 | E66: =IF(_PENDIENTES!$B$60<>"",_PENDIENTES!$E$60,"") -> 29/01/2026 | F66: =IF(_PENDIENTES!$B$60<>"",_PENDIENTES!$F$60,"") -> PETROLEO | G66: =IF(_PENDIENTES!$B$60<>"",_PENDIENTES!$G$60,"") -> 5 | H66: =IF(_PENDIENTES!$B$60<>"",_PENDIENTES!$H$60,"") -> 90.9 | I66: =IF(_PENDIENTES!$B$60<>"",_PENDIENTES!$I$60,"") -> MONTENEGRO RUIZ LUIS MIGUEL | J66: =IF(_PENDIENTES!$B$60<>"",_PENDIENTES!$J$60,"") -> EUH-427 | K66: =IF(_PENDIENTES!$B$60<>"","POR RECOGER","") -> POR RECOGER | L66: =IF(_PENDIENTES!$B$60<>"",_PENDIENTES!$K$60,"") -> 0 | M66: =IF(_PENDIENTES!$B$60<>"",_PENDIENTES!$B$60,"") -> PEDRO RUIZ GALLO | N66: =IF(_PENDIENTES!$B$60<>"",_PENDIENTES!$L$60,"") -> PEDRO RUIZ GALLO
A67: =IF(_PENDIENTES!$B$61<>"",60,"") -> 60 | B67: =IF(_PENDIENTES!$B$61<>"",_PENDIENTES!$A$61,"") -> ENE | C67: =IF(_PENDIENTES!$B$61<>"",_PENDIENTES!$C$61,"") -> MUÑOZ BUSTAMANTE MARINA MELANIA | D67: =IF(_PENDIENTES!$B$61<>"",_PENDIENTES!$D$61,"") -> 47349553 | E67: =IF(_PENDIENTES!$B$61<>"",_PENDIENTES!$E$61,"") -> 29/01/2026 | F67: =IF(_PENDIENTES!$B$61<>"",_PENDIENTES!$F$61,"") -> PETROLEO | G67: =IF(_PENDIENTES!$B$61<>"",_PENDIENTES!$G$61,"") -> 7.5 | H67: =IF(_PENDIENTES!$B$61<>"",_PENDIENTES!$H$61,"") -> 151.875 | I67: =IF(_PENDIENTES!$B$61<>"",_PENDIENTES!$I$61,"") -> SERNAQUE PELAEZ WILMER | J67: =IF(_PENDIENTES!$B$61<>"",_PENDIENTES!$J$61,"") -> EUH-421 | K67: =IF(_PENDIENTES!$B$61<>"","POR RECOGER","") -> POR RECOGER | L67: =IF(_PENDIENTES!$B$61<>"",_PENDIENTES!$K$61,"") -> 0 | M67: =IF(_PENDIENTES!$B$61<>"",_PENDIENTES!$B$61,"") -> MARIA AUXILIADORA | N67: =IF(_PENDIENTES!$B$61<>"",_PENDIENTES!$L$61,"") -> MARIA AUXILIADORA
A68: =IF(_PENDIENTES!$B$62<>"",61,"") -> 61 | B68: =IF(_PENDIENTES!$B$62<>"",_PENDIENTES!$A$62,"") -> ENE | C68: =IF(_PENDIENTES!$B$62<>"",_PENDIENTES!$C$62,"") -> PORTOCARRERO PORTOCARRERO MARIA | D68: =IF(_PENDIENTES!$B$62<>"",_PENDIENTES!$D$62,"") -> 46109691 | E68: =IF(_PENDIENTES!$B$62<>"",_PENDIENTES!$E$62,"") -> 21/01/2026 | F68: =IF(_PENDIENTES!$B$62<>"",_PENDIENTES!$F$62,"") -> PETROLEO | G68: =IF(_PENDIENTES!$B$62<>"",_PENDIENTES!$G$62,"") -> 3 | H68: =IF(_PENDIENTES!$B$62<>"",_PENDIENTES!$H$62,"") -> 60.75 | I68: =IF(_PENDIENTES!$B$62<>"",_PENDIENTES!$I$62,"") -> LOPEZ HOYOS MIGUEL ANGEL | J68: =IF(_PENDIENTES!$B$62<>"",_PENDIENTES!$J$62,"") -> EUH-698 | K68: =IF(_PENDIENTES!$B$62<>"","POR RECOGER","") -> POR RECOGER | L68: =IF(_PENDIENTES!$B$62<>"",_PENDIENTES!$K$62,"") -> 0 | M68: =IF(_PENDIENTES!$B$62<>"",_PENDIENTES!$B$62,"") -> HUAMBO | N68: =IF(_PENDIENTES!$B$62<>"",_PENDIENTES!$L$62,"") -> HUAMBO
A69: =IF(_PENDIENTES!$B$63<>"",62,"") -> 62 | B69: =IF(_PENDIENTES!$B$63<>"",_PENDIENTES!$A$63,"") -> ENE | C69: =IF(_PENDIENTES!$B$63<>"",_PENDIENTES!$C$63,"") -> VALLEJOS FERNANDEZ SEILI DEL CARMEN | D69: =IF(_PENDIENTES!$B$63<>"",_PENDIENTES!$D$63,"") -> 76650410 | E69: =IF(_PENDIENTES!$B$63<>"",_PENDIENTES!$E$63,"") -> 19/01/2026 | F69: =IF(_PENDIENTES!$B$63<>"",_PENDIENTES!$F$63,"") -> PETROLEO | G69: =IF(_PENDIENTES!$B$63<>"",_PENDIENTES!$G$63,"") -> 4 | H69: =IF(_PENDIENTES!$B$63<>"",_PENDIENTES!$H$63,"") -> 72.72 | I69: =IF(_PENDIENTES!$B$63<>"",_PENDIENTES!$I$63,"") -> DANIEL ZELADA TRUJILLO | J69: =IF(_PENDIENTES!$B$63<>"",_PENDIENTES!$J$63,"") -> EUA-963 | K69: =IF(_PENDIENTES!$B$63<>"","POR RECOGER","") -> POR RECOGER | L69: =IF(_PENDIENTES!$B$63<>"",_PENDIENTES!$K$63,"") -> 0 | M69: =IF(_PENDIENTES!$B$63<>"",_PENDIENTES!$B$63,"") -> LAMUD | N69: =IF(_PENDIENTES!$B$63<>"",_PENDIENTES!$L$63,"") -> LAMUD
A70: =IF(_PENDIENTES!$B$64<>"",63,"") -> 63 | B70: =IF(_PENDIENTES!$B$64<>"",_PENDIENTES!$A$64,"") -> ENE | C70: =IF(_PENDIENTES!$B$64<>"",_PENDIENTES!$C$64,"") -> GOMEZ GOMEZ MAYCOL LLAMPIER | D70: =IF(_PENDIENTES!$B$64<>"",_PENDIENTES!$D$64,"") -> 60032138 | E70: =IF(_PENDIENTES!$B$64<>"",_PENDIENTES!$E$64,"") -> 23/01/2026 | F70: =IF(_PENDIENTES!$B$64<>"",_PENDIENTES!$F$64,"") -> PETROLEO | G70: =IF(_PENDIENTES!$B$64<>"",_PENDIENTES!$G$64,"") -> 4 | H70: =IF(_PENDIENTES!$B$64<>"",_PENDIENTES!$H$64,"") -> 72.72 | I70: =IF(_PENDIENTES!$B$64<>"",_PENDIENTES!$I$64,"") -> RUFASTO CHUQUIZUTA JUAN KAROOL | J70: =IF(_PENDIENTES!$B$64<>"",_PENDIENTES!$J$64,"") -> EUA963 | K70: =IF(_PENDIENTES!$B$64<>"","POR RECOGER","") -> POR RECOGER | L70: =IF(_PENDIENTES!$B$64<>"",_PENDIENTES!$K$64,"") -> 0 | M70: =IF(_PENDIENTES!$B$64<>"",_PENDIENTES!$B$64,"") -> LAMUD | N70: =IF(_PENDIENTES!$B$64<>"",_PENDIENTES!$L$64,"") -> LAMUD
A71: =IF(_PENDIENTES!$B$65<>"",64,"") -> 64 | B71: =IF(_PENDIENTES!$B$65<>"",_PENDIENTES!$A$65,"") -> ENE | C71: =IF(_PENDIENTES!$B$65<>"",_PENDIENTES!$C$65,"") -> SANTILLAN YALTA SEGUNDO MELQUIADES | D71: =IF(_PENDIENTES!$B$65<>"",_PENDIENTES!$D$65,"") -> 41690429 | E71: =IF(_PENDIENTES!$B$65<>"",_PENDIENTES!$E$65,"") -> 28/01/2026 | F71: =IF(_PENDIENTES!$B$65<>"",_PENDIENTES!$F$65,"") -> PETROLEO | G71: =IF(_PENDIENTES!$B$65<>"",_PENDIENTES!$G$65,"") -> 4 | H71: =IF(_PENDIENTES!$B$65<>"",_PENDIENTES!$H$65,"") -> 72.72 | I71: =IF(_PENDIENTES!$B$65<>"",_PENDIENTES!$I$65,"") -> DANIEL ZELADA TRUJILLO | J71: =IF(_PENDIENTES!$B$65<>"",_PENDIENTES!$J$65,"") -> EUA-963 | K71: =IF(_PENDIENTES!$B$65<>"","POR RECOGER","") -> POR RECOGER | L71: =IF(_PENDIENTES!$B$65<>"",_PENDIENTES!$K$65,"") -> 0 | M71: =IF(_PENDIENTES!$B$65<>"",_PENDIENTES!$B$65,"") -> LAMUD | N71: =IF(_PENDIENTES!$B$65<>"",_PENDIENTES!$L$65,"") -> LAMUD
A72: =IF(_PENDIENTES!$B$66<>"",65,"") -> 65 | B72: =IF(_PENDIENTES!$B$66<>"",_PENDIENTES!$A$66,"") -> ENE | C72: =IF(_PENDIENTES!$B$66<>"",_PENDIENTES!$C$66,"") -> RODRIGUEZ CHAVEZ RELI JHUDIT | D72: =IF(_PENDIENTES!$B$66<>"",_PENDIENTES!$D$66,"") -> 48765807 | E72: =IF(_PENDIENTES!$B$66<>"",_PENDIENTES!$E$66,"") -> 16/01/2026 | F72: =IF(_PENDIENTES!$B$66<>"",_PENDIENTES!$F$66,"") -> PETROLEO | G72: =IF(_PENDIENTES!$B$66<>"",_PENDIENTES!$G$66,"") -> 15 | H72: =IF(_PENDIENTES!$B$66<>"",_PENDIENTES!$H$66,"") -> 272.7 | I72: =IF(_PENDIENTES!$B$66<>"",_PENDIENTES!$I$66,"") -> ABANTO VALDIVIA HANS MIKKEL | J72: =IF(_PENDIENTES!$B$66<>"",_PENDIENTES!$J$66,"") -> EUH 640 | K72: =IF(_PENDIENTES!$B$66<>"","POR RECOGER","") -> POR RECOGER | L72: =IF(_PENDIENTES!$B$66<>"",_PENDIENTES!$K$66,"") -> 0 | M72: =IF(_PENDIENTES!$B$66<>"",_PENDIENTES!$B$66,"") -> CHUQUIBAMBA | N72: =IF(_PENDIENTES!$B$66<>"",_PENDIENTES!$L$66,"") -> CHUQUIBAMBA
A73: =IF(_PENDIENTES!$B$67<>"",66,"") -> 66 | B73: =IF(_PENDIENTES!$B$67<>"",_PENDIENTES!$A$67,"") -> ENE | C73: =IF(_PENDIENTES!$B$67<>"",_PENDIENTES!$C$67,"") -> ESPARRAGA CASTILLO KEYNE MICHEL | D73: =IF(_PENDIENTES!$B$67<>"",_PENDIENTES!$D$67,"") -> 94051643 | E73: =IF(_PENDIENTES!$B$67<>"",_PENDIENTES!$E$67,"") -> 15/01/2026 | F73: =IF(_PENDIENTES!$B$67<>"",_PENDIENTES!$F$67,"") -> PETROLEO | G73: =IF(_PENDIENTES!$B$67<>"",_PENDIENTES!$G$67,"") -> 5 | H73: =IF(_PENDIENTES!$B$67<>"",_PENDIENTES!$H$67,"") -> 90.9 | I73: =IF(_PENDIENTES!$B$67<>"",_PENDIENTES!$I$67,"") -> MUNOZ VERGARAY JORGE ENRRIQUE | J73: =IF(_PENDIENTES!$B$67<>"",_PENDIENTES!$J$67,"") -> EUH 427 | K73: =IF(_PENDIENTES!$B$67<>"","POR RECOGER","") -> POR RECOGER | L73: =IF(_PENDIENTES!$B$67<>"",_PENDIENTES!$K$67,"") -> 0 | M73: =IF(_PENDIENTES!$B$67<>"",_PENDIENTES!$B$67,"") -> PEDRO RUIZ GALLO | N73: =IF(_PENDIENTES!$B$67<>"",_PENDIENTES!$L$67,"") -> PEDRO RUIZ GALLO
A74: =IF(_PENDIENTES!$B$68<>"",67,"") -> 67 | B74: =IF(_PENDIENTES!$B$68<>"",_PENDIENTES!$A$68,"") -> ENE | C74: =IF(_PENDIENTES!$B$68<>"",_PENDIENTES!$C$68,"") -> VALLEJOS FUENTES ROYMER | D74: =IF(_PENDIENTES!$B$68<>"",_PENDIENTES!$D$68,"") -> 41151923 | E74: =IF(_PENDIENTES!$B$68<>"",_PENDIENTES!$E$68,"") -> 25/01/2026 | F74: =IF(_PENDIENTES!$B$68<>"",_PENDIENTES!$F$68,"") -> PETROLEO | G74: =IF(_PENDIENTES!$B$68<>"",_PENDIENTES!$G$68,"") -> 20 | H74: =IF(_PENDIENTES!$B$68<>"",_PENDIENTES!$H$68,"") -> 363.6 | I74: =IF(_PENDIENTES!$B$68<>"",_PENDIENTES!$I$68,"") -> ALBERTO FARRO PEREZ | J74: =IF(_PENDIENTES!$B$68<>"",_PENDIENTES!$J$68,"") -> EGO-124 | K74: =IF(_PENDIENTES!$B$68<>"","POR RECOGER","") -> POR RECOGER | L74: =IF(_PENDIENTES!$B$68<>"",_PENDIENTES!$K$68,"") -> 0 | M74: =IF(_PENDIENTES!$B$68<>"",_PENDIENTES!$B$68,"") -> OCALLI | N74: =IF(_PENDIENTES!$B$68<>"",_PENDIENTES!$L$68,"") -> OCALLI
A75: =IF(_PENDIENTES!$B$69<>"",68,"") -> 68 | B75: =IF(_PENDIENTES!$B$69<>"",_PENDIENTES!$A$69,"") -> ENE | C75: =IF(_PENDIENTES!$B$69<>"",_PENDIENTES!$C$69,"") -> GUADALUPE MELENDEZ SILVIA MERCEDES | D75: =IF(_PENDIENTES!$B$69<>"",_PENDIENTES!$D$69,"") -> 80399218 | E75: =IF(_PENDIENTES!$B$69<>"",_PENDIENTES!$E$69,"") -> 15/01/2026 | F75: =IF(_PENDIENTES!$B$69<>"",_PENDIENTES!$F$69,"") -> PETROLEO | G75: =IF(_PENDIENTES!$B$69<>"",_PENDIENTES!$G$69,"") -> 20 | H75: =IF(_PENDIENTES!$B$69<>"",_PENDIENTES!$H$69,"") -> 363.6 | I75: =IF(_PENDIENTES!$B$69<>"",_PENDIENTES!$I$69,"") -> ALBERTO FARRO PEREZ | J75: =IF(_PENDIENTES!$B$69<>"",_PENDIENTES!$J$69,"") -> EGO-124 | K75: =IF(_PENDIENTES!$B$69<>"","POR RECOGER","") -> POR RECOGER | L75: =IF(_PENDIENTES!$B$69<>"",_PENDIENTES!$K$69,"") -> 0 | M75: =IF(_PENDIENTES!$B$69<>"",_PENDIENTES!$B$69,"") -> OCALLI | N75: =IF(_PENDIENTES!$B$69<>"",_PENDIENTES!$L$69,"") -> OCALLI
A76: =IF(_PENDIENTES!$B$70<>"",69,"") -> 69 | B76: =IF(_PENDIENTES!$B$70<>"",_PENDIENTES!$A$70,"") -> ENE | C76: =IF(_PENDIENTES!$B$70<>"",_PENDIENTES!$C$70,"") -> LOPEZ RAMOS YOBANITA | D76: =IF(_PENDIENTES!$B$70<>"",_PENDIENTES!$D$70,"") -> 61683414 | E76: =IF(_PENDIENTES!$B$70<>"",_PENDIENTES!$E$70,"") -> 23/01/2026 | F76: =IF(_PENDIENTES!$B$70<>"",_PENDIENTES!$F$70,"") -> PETROLEO | G76: =IF(_PENDIENTES!$B$70<>"",_PENDIENTES!$G$70,"") -> 6 | H76: =IF(_PENDIENTES!$B$70<>"",_PENDIENTES!$H$70,"") -> 109.08 | I76: =IF(_PENDIENTES!$B$70<>"",_PENDIENTES!$I$70,"") -> CARRERA ARAUJO JEINER | J76: =IF(_PENDIENTES!$B$70<>"",_PENDIENTES!$J$70,"") -> EUH747 | K76: =IF(_PENDIENTES!$B$70<>"","POR RECOGER","") -> POR RECOGER | L76: =IF(_PENDIENTES!$B$70<>"",_PENDIENTES!$K$70,"") -> 0 | M76: =IF(_PENDIENTES!$B$70<>"",_PENDIENTES!$B$70,"") -> POMACOCHAS | N76: =IF(_PENDIENTES!$B$70<>"",_PENDIENTES!$L$70,"") -> POMACOCHAS
A77: =IF(_PENDIENTES!$B$71<>"",70,"") -> 70 | B77: =IF(_PENDIENTES!$B$71<>"",_PENDIENTES!$A$71,"") -> ENE | C77: =IF(_PENDIENTES!$B$71<>"",_PENDIENTES!$C$71,"") -> LEIVA AGUILAR SABINA | D77: =IF(_PENDIENTES!$B$71<>"",_PENDIENTES!$D$71,"") -> 70208555 | E77: =IF(_PENDIENTES!$B$71<>"",_PENDIENTES!$E$71,"") -> 28/01/2026 | F77: =IF(_PENDIENTES!$B$71<>"",_PENDIENTES!$F$71,"") -> PETROLEO | G77: =IF(_PENDIENTES!$B$71<>"",_PENDIENTES!$G$71,"") -> 6 | H77: =IF(_PENDIENTES!$B$71<>"",_PENDIENTES!$H$71,"") -> 109.08 | I77: =IF(_PENDIENTES!$B$71<>"",_PENDIENTES!$I$71,"") -> CARRERA ARAUJO JEINER | J77: =IF(_PENDIENTES!$B$71<>"",_PENDIENTES!$J$71,"") -> EUH747 | K77: =IF(_PENDIENTES!$B$71<>"","POR RECOGER","") -> POR RECOGER | L77: =IF(_PENDIENTES!$B$71<>"",_PENDIENTES!$K$71,"") -> 0 | M77: =IF(_PENDIENTES!$B$71<>"",_PENDIENTES!$B$71,"") -> POMACOCHAS | N77: =IF(_PENDIENTES!$B$71<>"",_PENDIENTES!$L$71,"") -> POMACOCHAS
A78: =IF(_PENDIENTES!$B$72<>"",71,"") -> 71 | B78: =IF(_PENDIENTES!$B$72<>"",_PENDIENTES!$A$72,"") -> ENE | C78: =IF(_PENDIENTES!$B$72<>"",_PENDIENTES!$C$72,"") -> FERNANDEZ GUEVARA DELA MARIBEL | D78: =IF(_PENDIENTES!$B$72<>"",_PENDIENTES!$D$72,"") -> 43009631 | E78: =IF(_PENDIENTES!$B$72<>"",_PENDIENTES!$E$72,"") -> 22/01/2026 | F78: =IF(_PENDIENTES!$B$72<>"",_PENDIENTES!$F$72,"") -> PETROLEO | G78: =IF(_PENDIENTES!$B$72<>"",_PENDIENTES!$G$72,"") -> 6 | H78: =IF(_PENDIENTES!$B$72<>"",_PENDIENTES!$H$72,"") -> 109.08 | I78: =IF(_PENDIENTES!$B$72<>"",_PENDIENTES!$I$72,"") -> CARRERA ARAUJO JEINER | J78: =IF(_PENDIENTES!$B$72<>"",_PENDIENTES!$J$72,"") -> EUH747 | K78: =IF(_PENDIENTES!$B$72<>"","POR RECOGER","") -> POR RECOGER | L78: =IF(_PENDIENTES!$B$72<>"",_PENDIENTES!$K$72,"") -> 0 | M78: =IF(_PENDIENTES!$B$72<>"",_PENDIENTES!$B$72,"") -> POMACOCHAS | N78: =IF(_PENDIENTES!$B$72<>"",_PENDIENTES!$L$72,"") -> POMACOCHAS
A79: =IF(_PENDIENTES!$B$73<>"",72,"") -> 72 | B79: =IF(_PENDIENTES!$B$73<>"",_PENDIENTES!$A$73,"") -> ENE | C79: =IF(_PENDIENTES!$B$73<>"",_PENDIENTES!$C$73,"") -> HERRERA VASQUEZ MARY LUZ | D79: =IF(_PENDIENTES!$B$73<>"",_PENDIENTES!$D$73,"") -> 71622319 | E79: =IF(_PENDIENTES!$B$73<>"",_PENDIENTES!$E$73,"") -> 26/01/2026 | F79: =IF(_PENDIENTES!$B$73<>"",_PENDIENTES!$F$73,"") -> PETROLEO | G79: =IF(_PENDIENTES!$B$73<>"",_PENDIENTES!$G$73,"") -> 6 | H79: =IF(_PENDIENTES!$B$73<>"",_PENDIENTES!$H$73,"") -> 109.08 | I79: =IF(_PENDIENTES!$B$73<>"",_PENDIENTES!$I$73,"") -> CARRERA ARAUJO JEINER | J79: =IF(_PENDIENTES!$B$73<>"",_PENDIENTES!$J$73,"") -> EUH747 | K79: =IF(_PENDIENTES!$B$73<>"","POR RECOGER","") -> POR RECOGER | L79: =IF(_PENDIENTES!$B$73<>"",_PENDIENTES!$K$73,"") -> 0 | M79: =IF(_PENDIENTES!$B$73<>"",_PENDIENTES!$B$73,"") -> POMACOCHAS | N79: =IF(_PENDIENTES!$B$73<>"",_PENDIENTES!$L$73,"") -> POMACOCHAS
A80: =IF(_PENDIENTES!$B$74<>"",73,"") -> 73 | B80: =IF(_PENDIENTES!$B$74<>"",_PENDIENTES!$A$74,"") -> ENE | C80: =IF(_PENDIENTES!$B$74<>"",_PENDIENTES!$C$74,"") -> VASQUEZ ABANTO YRAIDA | D80: =IF(_PENDIENTES!$B$74<>"",_PENDIENTES!$D$74,"") -> 45514612 | E80: =IF(_PENDIENTES!$B$74<>"",_PENDIENTES!$E$74,"") -> 28/01/2026 | F80: =IF(_PENDIENTES!$B$74<>"",_PENDIENTES!$F$74,"") -> PETROLEO | G80: =IF(_PENDIENTES!$B$74<>"",_PENDIENTES!$G$74,"") -> 6 | H80: =IF(_PENDIENTES!$B$74<>"",_PENDIENTES!$H$74,"") -> 109.08 | I80: =IF(_PENDIENTES!$B$74<>"",_PENDIENTES!$I$74,"") -> CARRERA ARAUJO JEINER | J80: =IF(_PENDIENTES!$B$74<>"",_PENDIENTES!$J$74,"") -> EUH747 | K80: =IF(_PENDIENTES!$B$74<>"","POR RECOGER","") -> POR RECOGER | L80: =IF(_PENDIENTES!$B$74<>"",_PENDIENTES!$K$74,"") -> 0 | M80: =IF(_PENDIENTES!$B$74<>"",_PENDIENTES!$B$74,"") -> POMACOCHAS | N80: =IF(_PENDIENTES!$B$74<>"",_PENDIENTES!$L$74,"") -> POMACOCHAS
A81: =IF(_PENDIENTES!$B$75<>"",74,"") -> 74 | B81: =IF(_PENDIENTES!$B$75<>"",_PENDIENTES!$A$75,"") -> ENE | C81: =IF(_PENDIENTES!$B$75<>"",_PENDIENTES!$C$75,"") -> NEYRA ROMAN ELENITA | D81: =IF(_PENDIENTES!$B$75<>"",_PENDIENTES!$D$75,"") -> 60462057 | E81: =IF(_PENDIENTES!$B$75<>"",_PENDIENTES!$E$75,"") -> 25/01/2026 | F81: =IF(_PENDIENTES!$B$75<>"",_PENDIENTES!$F$75,"") -> PETROLEO | G81: =IF(_PENDIENTES!$B$75<>"",_PENDIENTES!$G$75,"") -> 7 | H81: =IF(_PENDIENTES!$B$75<>"",_PENDIENTES!$H$75,"") -> 141.75 | I81: =IF(_PENDIENTES!$B$75<>"",_PENDIENTES!$I$75,"") -> TRIGOSO TAFUR JOSE GILBER | J81: =IF(_PENDIENTES!$B$75<>"",_PENDIENTES!$J$75,"") -> EUH 421 | K81: =IF(_PENDIENTES!$B$75<>"","POR RECOGER","") -> POR RECOGER | L81: =IF(_PENDIENTES!$B$75<>"",_PENDIENTES!$K$75,"") -> 0 | M81: =IF(_PENDIENTES!$B$75<>"",_PENDIENTES!$B$75,"") -> MARIA AUXILIADORA | N81: =IF(_PENDIENTES!$B$75<>"",_PENDIENTES!$L$75,"") -> MARIA AUXILIADORA
A82: =IF(_PENDIENTES!$B$76<>"",75,"") -> 75 | B82: =IF(_PENDIENTES!$B$76<>"",_PENDIENTES!$A$76,"") -> ENE | C82: =IF(_PENDIENTES!$B$76<>"",_PENDIENTES!$C$76,"") -> HUAMAN HIDALGO MARILACI | D82: =IF(_PENDIENTES!$B$76<>"",_PENDIENTES!$D$76,"") -> 61644056 | E82: =IF(_PENDIENTES!$B$76<>"",_PENDIENTES!$E$76,"") -> 18/01/2026 | F82: =IF(_PENDIENTES!$B$76<>"",_PENDIENTES!$F$76,"") -> PETROLEO | G82: =IF(_PENDIENTES!$B$76<>"",_PENDIENTES!$G$76,"") -> 6 | H82: =IF(_PENDIENTES!$B$76<>"",_PENDIENTES!$H$76,"") -> 121.5 | I82: =IF(_PENDIENTES!$B$76<>"",_PENDIENTES!$I$76,"") -> ROJAS ALVARADO BENJAMIN | J82: =IF(_PENDIENTES!$B$76<>"",_PENDIENTES!$J$76,"") -> 421 EUH | K82: =IF(_PENDIENTES!$B$76<>"","POR RECOGER","") -> POR RECOGER | L82: =IF(_PENDIENTES!$B$76<>"",_PENDIENTES!$K$76,"") -> 0 | M82: =IF(_PENDIENTES!$B$76<>"",_PENDIENTES!$B$76,"") -> MARIA AUXILIADORA | N82: =IF(_PENDIENTES!$B$76<>"",_PENDIENTES!$L$76,"") -> MARIA AUXILIADORA
A83: =IF(_PENDIENTES!$B$77<>"",76,"") -> 76 | B83: =IF(_PENDIENTES!$B$77<>"",_PENDIENTES!$A$77,"") -> ENE | C83: =IF(_PENDIENTES!$B$77<>"",_PENDIENTES!$C$77,"") -> PORTOCARRERO PORTOCARRERO MARIA | D83: =IF(_PENDIENTES!$B$77<>"",_PENDIENTES!$D$77,"") -> 46109691 | E83: =IF(_PENDIENTES!$B$77<>"",_PENDIENTES!$E$77,"") -> 21/01/2026 | F83: =IF(_PENDIENTES!$B$77<>"",_PENDIENTES!$F$77,"") -> PETROLEO | G83: =IF(_PENDIENTES!$B$77<>"",_PENDIENTES!$G$77,"") -> 7 | H83: =IF(_PENDIENTES!$B$77<>"",_PENDIENTES!$H$77,"") -> 141.75 | I83: =IF(_PENDIENTES!$B$77<>"",_PENDIENTES!$I$77,"") -> LOPEZ HOYOS MIGUEL ANGEL | J83: =IF(_PENDIENTES!$B$77<>"",_PENDIENTES!$J$77,"") -> EUH-698 | K83: =IF(_PENDIENTES!$B$77<>"","POR RECOGER","") -> POR RECOGER | L83: =IF(_PENDIENTES!$B$77<>"",_PENDIENTES!$K$77,"") -> 0 | M83: =IF(_PENDIENTES!$B$77<>"",_PENDIENTES!$B$77,"") -> MARIA AUXILIADORA | N83: =IF(_PENDIENTES!$B$77<>"",_PENDIENTES!$L$77,"") -> MARIA AUXILIADORA
A84: =IF(_PENDIENTES!$B$78<>"",77,"") -> 77 | B84: =IF(_PENDIENTES!$B$78<>"",_PENDIENTES!$A$78,"") -> ENE | C84: =IF(_PENDIENTES!$B$78<>"",_PENDIENTES!$C$78,"") -> DIAZ HERRERA MARIA LUZVINDA | D84: =IF(_PENDIENTES!$B$78<>"",_PENDIENTES!$D$78,"") -> 80585000 | E84: =IF(_PENDIENTES!$B$78<>"",_PENDIENTES!$E$78,"") -> 19/01/2026 | F84: =IF(_PENDIENTES!$B$78<>"",_PENDIENTES!$F$78,"") -> PETROLEO | G84: =IF(_PENDIENTES!$B$78<>"",_PENDIENTES!$G$78,"") -> 6 | H84: =IF(_PENDIENTES!$B$78<>"",_PENDIENTES!$H$78,"") -> 109.08 | I84: =IF(_PENDIENTES!$B$78<>"",_PENDIENTES!$I$78,"") -> CHICANA LOPEZ MANUEL HECTOR | J84: =IF(_PENDIENTES!$B$78<>"",_PENDIENTES!$J$78,"") -> EUH747 | K84: =IF(_PENDIENTES!$B$78<>"","POR RECOGER","") -> POR RECOGER | L84: =IF(_PENDIENTES!$B$78<>"",_PENDIENTES!$K$78,"") -> 0 | M84: =IF(_PENDIENTES!$B$78<>"",_PENDIENTES!$B$78,"") -> POMACOCHAS | N84: =IF(_PENDIENTES!$B$78<>"",_PENDIENTES!$L$78,"") -> POMACOCHAS
A85: =IF(_PENDIENTES!$B$79<>"",78,"") -> 78 | B85: =IF(_PENDIENTES!$B$79<>"",_PENDIENTES!$A$79,"") -> ENE | C85: =IF(_PENDIENTES!$B$79<>"",_PENDIENTES!$C$79,"") -> DIAZ VEGA NICANOR | D85: =IF(_PENDIENTES!$B$79<>"",_PENDIENTES!$D$79,"") -> 48772344 | E85: =IF(_PENDIENTES!$B$79<>"",_PENDIENTES!$E$79,"") -> 24/01/2026 | F85: =IF(_PENDIENTES!$B$79<>"",_PENDIENTES!$F$79,"") -> PETROLEO | G85: =IF(_PENDIENTES!$B$79<>"",_PENDIENTES!$G$79,"") -> 6 | H85: =IF(_PENDIENTES!$B$79<>"",_PENDIENTES!$H$79,"") -> 109.08 | I85: =IF(_PENDIENTES!$B$79<>"",_PENDIENTES!$I$79,"") -> CHICANA LOPEZ MANUEL HECTOR | J85: =IF(_PENDIENTES!$B$79<>"",_PENDIENTES!$J$79,"") -> EUH747 | K85: =IF(_PENDIENTES!$B$79<>"","POR RECOGER","") -> POR RECOGER | L85: =IF(_PENDIENTES!$B$79<>"",_PENDIENTES!$K$79,"") -> 0 | M85: =IF(_PENDIENTES!$B$79<>"",_PENDIENTES!$B$79,"") -> POMACOCHAS | N85: =IF(_PENDIENTES!$B$79<>"",_PENDIENTES!$L$79,"") -> POMACOCHAS
A86: =IF(_PENDIENTES!$B$80<>"",79,"") -> 79 | B86: =IF(_PENDIENTES!$B$80<>"",_PENDIENTES!$A$80,"") -> ENE | C86: =IF(_PENDIENTES!$B$80<>"",_PENDIENTES!$C$80,"") -> HERRERA OBLITAS VRIJIDA | D86: =IF(_PENDIENTES!$B$80<>"",_PENDIENTES!$D$80,"") -> 48797626 | E86: =IF(_PENDIENTES!$B$80<>"",_PENDIENTES!$E$80,"") -> 29/01/2026 | F86: =IF(_PENDIENTES!$B$80<>"",_PENDIENTES!$F$80,"") -> PETROLEO | G86: =IF(_PENDIENTES!$B$80<>"",_PENDIENTES!$G$80,"") -> 6 | H86: =IF(_PENDIENTES!$B$80<>"",_PENDIENTES!$H$80,"") -> 109.08 | I86: =IF(_PENDIENTES!$B$80<>"",_PENDIENTES!$I$80,"") -> CHICANA LOPEZ MANUEL HECTOR | J86: =IF(_PENDIENTES!$B$80<>"",_PENDIENTES!$J$80,"") -> EUH747 | K86: =IF(_PENDIENTES!$B$80<>"","POR RECOGER","") -> POR RECOGER | L86: =IF(_PENDIENTES!$B$80<>"",_PENDIENTES!$K$80,"") -> 0 | M86: =IF(_PENDIENTES!$B$80<>"",_PENDIENTES!$B$80,"") -> POMACOCHAS | N86: =IF(_PENDIENTES!$B$80<>"",_PENDIENTES!$L$80,"") -> POMACOCHAS
A87: =IF(_PENDIENTES!$B$81<>"",80,"") -> 80 | B87: =IF(_PENDIENTES!$B$81<>"",_PENDIENTES!$A$81,"") -> ENE | C87: =IF(_PENDIENTES!$B$81<>"",_PENDIENTES!$C$81,"") -> CARRANZA CACHAY LUZ AURORA | D87: =IF(_PENDIENTES!$B$81<>"",_PENDIENTES!$D$81,"") -> 46007941 | E87: =IF(_PENDIENTES!$B$81<>"",_PENDIENTES!$E$81,"") -> 25/01/2026 | F87: =IF(_PENDIENTES!$B$81<>"",_PENDIENTES!$F$81,"") -> PETROLEO | G87: =IF(_PENDIENTES!$B$81<>"",_PENDIENTES!$G$81,"") -> 10 | H87: =IF(_PENDIENTES!$B$81<>"",_PENDIENTES!$H$81,"") -> 181.8 | I87: =IF(_PENDIENTES!$B$81<>"",_PENDIENTES!$I$81,"") -> JULCA RITUAY ROGER | J87: =IF(_PENDIENTES!$B$81<>"",_PENDIENTES!$J$81,"") -> EUH 414 | K87: =IF(_PENDIENTES!$B$81<>"","POR RECOGER","") -> POR RECOGER | L87: =IF(_PENDIENTES!$B$81<>"",_PENDIENTES!$K$81,"") -> SANTO TOMAS | M87: =IF(_PENDIENTES!$B$81<>"",_PENDIENTES!$B$81,"") -> SANTO TOMAS | N87: =IF(_PENDIENTES!$B$81<>"",_PENDIENTES!$L$81,"") -> SAN SALVADOR
A88: =IF(_PENDIENTES!$B$82<>"",81,"") -> 81 | B88: =IF(_PENDIENTES!$B$82<>"",_PENDIENTES!$A$82,"") -> ENE | C88: =IF(_PENDIENTES!$B$82<>"",_PENDIENTES!$C$82,"") -> VARGAS PITA WILFREDO | D88: =IF(_PENDIENTES!$B$82<>"",_PENDIENTES!$D$82,"") -> 42749598 | E88: =IF(_PENDIENTES!$B$82<>"",_PENDIENTES!$E$82,"") -> 21/01/2026 | F88: =IF(_PENDIENTES!$B$82<>"",_PENDIENTES!$F$82,"") -> PETROLEO | G88: =IF(_PENDIENTES!$B$82<>"",_PENDIENTES!$G$82,"") -> 10 | H88: =IF(_PENDIENTES!$B$82<>"",_PENDIENTES!$H$82,"") -> 181.8 | I88: =IF(_PENDIENTES!$B$82<>"",_PENDIENTES!$I$82,"") -> JULCA RITUAY ROGER | J88: =IF(_PENDIENTES!$B$82<>"",_PENDIENTES!$J$82,"") -> EUH 414 | K88: =IF(_PENDIENTES!$B$82<>"","POR RECOGER","") -> POR RECOGER | L88: =IF(_PENDIENTES!$B$82<>"",_PENDIENTES!$K$82,"") -> SANTO TOMAS | M88: =IF(_PENDIENTES!$B$82<>"",_PENDIENTES!$B$82,"") -> SANTO TOMAS | N88: =IF(_PENDIENTES!$B$82<>"",_PENDIENTES!$L$82,"") -> LLACTAPAMPA
A89: =IF(_PENDIENTES!$B$83<>"",82,"") -> 82 | B89: =IF(_PENDIENTES!$B$83<>"",_PENDIENTES!$A$83,"") -> ENE | C89: =IF(_PENDIENTES!$B$83<>"",_PENDIENTES!$C$83,"") -> ROJAS BAUTISTA ILDA | D89: =IF(_PENDIENTES!$B$83<>"",_PENDIENTES!$D$83,"") -> 71257561 | E89: =IF(_PENDIENTES!$B$83<>"",_PENDIENTES!$E$83,"") -> 21/01/2026 | F89: =IF(_PENDIENTES!$B$83<>"",_PENDIENTES!$F$83,"") -> PETROLEO | G89: =IF(_PENDIENTES!$B$83<>"",_PENDIENTES!$G$83,"") -> 4 | H89: =IF(_PENDIENTES!$B$83<>"",_PENDIENTES!$H$83,"") -> 72.72 | I89: =IF(_PENDIENTES!$B$83<>"",_PENDIENTES!$I$83,"") -> CHICANA VALLE JAIME | J89: =IF(_PENDIENTES!$B$83<>"",_PENDIENTES!$J$83,"") -> EGU 916 | K89: =IF(_PENDIENTES!$B$83<>"","POR RECOGER","") -> POR RECOGER | L89: =IF(_PENDIENTES!$B$83<>"",_PENDIENTES!$K$83,"") -> 0 | M89: =IF(_PENDIENTES!$B$83<>"",_PENDIENTES!$B$83,"") -> YAMBRASBAMBA | N89: =IF(_PENDIENTES!$B$83<>"",_PENDIENTES!$L$83,"") -> YAMBRASBAMBA
A90: =IF(_PENDIENTES!$B$84<>"",83,"") -> 83 | B90: =IF(_PENDIENTES!$B$84<>"",_PENDIENTES!$A$84,"") -> ENE | C90: =IF(_PENDIENTES!$B$84<>"",_PENDIENTES!$C$84,"") -> TRUJILLO LUCANA DANITZA DAYANA | D90: =IF(_PENDIENTES!$B$84<>"",_PENDIENTES!$D$84,"") -> 75078001 | E90: =IF(_PENDIENTES!$B$84<>"",_PENDIENTES!$E$84,"") -> 26/01/2026 | F90: =IF(_PENDIENTES!$B$84<>"",_PENDIENTES!$F$84,"") -> PETROLEO | G90: =IF(_PENDIENTES!$B$84<>"",_PENDIENTES!$G$84,"") -> 4 | H90: =IF(_PENDIENTES!$B$84<>"",_PENDIENTES!$H$84,"") -> 72.72 | I90: =IF(_PENDIENTES!$B$84<>"",_PENDIENTES!$I$84,"") -> CHICANA VALLE JAIME | J90: =IF(_PENDIENTES!$B$84<>"",_PENDIENTES!$J$84,"") -> EGU 916 | K90: =IF(_PENDIENTES!$B$84<>"","POR RECOGER","") -> POR RECOGER | L90: =IF(_PENDIENTES!$B$84<>"",_PENDIENTES!$K$84,"") -> 0 | M90: =IF(_PENDIENTES!$B$84<>"",_PENDIENTES!$B$84,"") -> YAMBRASBAMBA | N90: =IF(_PENDIENTES!$B$84<>"",_PENDIENTES!$L$84,"") -> YAMBRASBAMBA
A91: =IF(_PENDIENTES!$B$85<>"",84,"") -> 84 | B91: =IF(_PENDIENTES!$B$85<>"",_PENDIENTES!$A$85,"") -> ENE | C91: =IF(_PENDIENTES!$B$85<>"",_PENDIENTES!$C$85,"") -> LEIVA AGUILAR SABINA | D91: =IF(_PENDIENTES!$B$85<>"",_PENDIENTES!$D$85,"") -> 70208555 | E91: =IF(_PENDIENTES!$B$85<>"",_PENDIENTES!$E$85,"") -> 28/01/2026 | F91: =IF(_PENDIENTES!$B$85<>"",_PENDIENTES!$F$85,"") -> PETROLEO | G91: =IF(_PENDIENTES!$B$85<>"",_PENDIENTES!$G$85,"") -> 4 | H91: =IF(_PENDIENTES!$B$85<>"",_PENDIENTES!$H$85,"") -> 72.72 | I91: =IF(_PENDIENTES!$B$85<>"",_PENDIENTES!$I$85,"") -> CHICANA VALLE JAIME | J91: =IF(_PENDIENTES!$B$85<>"",_PENDIENTES!$J$85,"") -> EGU 916 | K91: =IF(_PENDIENTES!$B$85<>"","POR RECOGER","") -> POR RECOGER | L91: =IF(_PENDIENTES!$B$85<>"",_PENDIENTES!$K$85,"") -> 0 | M91: =IF(_PENDIENTES!$B$85<>"",_PENDIENTES!$B$85,"") -> YAMBRASBAMBA | N91: =IF(_PENDIENTES!$B$85<>"",_PENDIENTES!$L$85,"") -> YAMBRASBAMBA
A92: =IF(_PENDIENTES!$B$86<>"",85,"") -> 85 | B92: =IF(_PENDIENTES!$B$86<>"",_PENDIENTES!$A$86,"") -> ENE | C92: =IF(_PENDIENTES!$B$86<>"",_PENDIENTES!$C$86,"") -> OCAMPO CUEVA NOA ZAIRED | D92: =IF(_PENDIENTES!$B$86<>"",_PENDIENTES!$D$86,"") -> 94051509 | E92: =IF(_PENDIENTES!$B$86<>"",_PENDIENTES!$E$86,"") -> 20/01/2026 | F92: =IF(_PENDIENTES!$B$86<>"",_PENDIENTES!$F$86,"") -> PETROLEO | G92: =IF(_PENDIENTES!$B$86<>"",_PENDIENTES!$G$86,"") -> 4 | H92: =IF(_PENDIENTES!$B$86<>"",_PENDIENTES!$H$86,"") -> 72.72 | I92: =IF(_PENDIENTES!$B$86<>"",_PENDIENTES!$I$86,"") -> RUFASTO CHUQUIZUTA JUAN KAROOL | J92: =IF(_PENDIENTES!$B$86<>"",_PENDIENTES!$J$86,"") -> EUA963 | K92: =IF(_PENDIENTES!$B$86<>"","POR RECOGER","") -> POR RECOGER | L92: =IF(_PENDIENTES!$B$86<>"",_PENDIENTES!$K$86,"") -> 0 | M92: =IF(_PENDIENTES!$B$86<>"",_PENDIENTES!$B$86,"") -> LAMUD | N92: =IF(_PENDIENTES!$B$86<>"",_PENDIENTES!$L$86,"") -> LAMUD
A93: =IF(_PENDIENTES!$B$87<>"",86,"") -> 86 | B93: =IF(_PENDIENTES!$B$87<>"",_PENDIENTES!$A$87,"") -> ENE | C93: =IF(_PENDIENTES!$B$87<>"",_PENDIENTES!$C$87,"") -> VILCA AGUILAR EDWUIN HILARIO | D93: =IF(_PENDIENTES!$B$87<>"",_PENDIENTES!$D$87,"") -> 9622495 | E93: =IF(_PENDIENTES!$B$87<>"",_PENDIENTES!$E$87,"") -> 28/01/2026 | F93: =IF(_PENDIENTES!$B$87<>"",_PENDIENTES!$F$87,"") -> GASOLINA | G93: =IF(_PENDIENTES!$B$87<>"",_PENDIENTES!$G$87,"") -> 6 | H93: =IF(_PENDIENTES!$B$87<>"",_PENDIENTES!$H$87,"") -> 107.7 | I93: =IF(_PENDIENTES!$B$87<>"",_PENDIENTES!$I$87,"") -> MUNOZ VERGARAY JORGE ENRRIQUE | J93: =IF(_PENDIENTES!$B$87<>"",_PENDIENTES!$J$87,"") -> EUH 427 | K93: =IF(_PENDIENTES!$B$87<>"","POR RECOGER","") -> POR RECOGER | L93: =IF(_PENDIENTES!$B$87<>"",_PENDIENTES!$K$87,"") -> 0 | M93: =IF(_PENDIENTES!$B$87<>"",_PENDIENTES!$B$87,"") -> PEDRO RUIZ GALLO | N93: =IF(_PENDIENTES!$B$87<>"",_PENDIENTES!$L$87,"") -> PEDRO RUIZ GALLO
A94: =IF(_PENDIENTES!$B$88<>"",87,"") -> 87 | B94: =IF(_PENDIENTES!$B$88<>"",_PENDIENTES!$A$88,"") -> ENE | C94: =IF(_PENDIENTES!$B$88<>"",_PENDIENTES!$C$88,"") -> POQUIOMA CHAVEZ ENOMI | D94: =IF(_PENDIENTES!$B$88<>"",_PENDIENTES!$D$88,"") -> 43914122 | E94: =IF(_PENDIENTES!$B$88<>"",_PENDIENTES!$E$88,"") -> 30/01/2026 | F94: =IF(_PENDIENTES!$B$88<>"",_PENDIENTES!$F$88,"") -> PETROLEO | G94: =IF(_PENDIENTES!$B$88<>"",_PENDIENTES!$G$88,"") -> 4 | H94: =IF(_PENDIENTES!$B$88<>"",_PENDIENTES!$H$88,"") -> 72.72 | I94: =IF(_PENDIENTES!$B$88<>"",_PENDIENTES!$I$88,"") -> DANIEL ZELADA TRUJILLO | J94: =IF(_PENDIENTES!$B$88<>"",_PENDIENTES!$J$88,"") -> EUA-963 | K94: =IF(_PENDIENTES!$B$88<>"","POR RECOGER","") -> POR RECOGER | L94: =IF(_PENDIENTES!$B$88<>"",_PENDIENTES!$K$88,"") -> 0 | M94: =IF(_PENDIENTES!$B$88<>"",_PENDIENTES!$B$88,"") -> LAMUD | N94: =IF(_PENDIENTES!$B$88<>"",_PENDIENTES!$L$88,"") -> LAMUD
A95: =IF(_PENDIENTES!$B$89<>"",88,"") -> 88 | B95: =IF(_PENDIENTES!$B$89<>"",_PENDIENTES!$A$89,"") -> ENE | C95: =IF(_PENDIENTES!$B$89<>"",_PENDIENTES!$C$89,"") -> ARISTA SALAZAR JULIAN | D95: =IF(_PENDIENTES!$B$89<>"",_PENDIENTES!$D$89,"") -> 33948728 | E95: =IF(_PENDIENTES!$B$89<>"",_PENDIENTES!$E$89,"") -> 24/01/2026 | F95: =IF(_PENDIENTES!$B$89<>"",_PENDIENTES!$F$89,"") -> PETROLEO | G95: =IF(_PENDIENTES!$B$89<>"",_PENDIENTES!$G$89,"") -> 5.7 | H95: =IF(_PENDIENTES!$B$89<>"",_PENDIENTES!$H$89,"") -> 115.425 | I95: =IF(_PENDIENTES!$B$89<>"",_PENDIENTES!$I$89,"") -> ROJAS ALVARADO BENJAMIN | J95: =IF(_PENDIENTES!$B$89<>"",_PENDIENTES!$J$89,"") -> 421 EUH | K95: =IF(_PENDIENTES!$B$89<>"","POR RECOGER","") -> POR RECOGER | L95: =IF(_PENDIENTES!$B$89<>"",_PENDIENTES!$K$89,"") -> 0 | M95: =IF(_PENDIENTES!$B$89<>"",_PENDIENTES!$B$89,"") -> MARIA AUXILIADORA | N95: =IF(_PENDIENTES!$B$89<>"",_PENDIENTES!$L$89,"") -> MARIA AUXILIADORA
A96: =IF(_PENDIENTES!$B$90<>"",89,"") -> 89 | B96: =IF(_PENDIENTES!$B$90<>"",_PENDIENTES!$A$90,"") -> ENE | C96: =IF(_PENDIENTES!$B$90<>"",_PENDIENTES!$C$90,"") -> RIVA MUÑOZ ALIPIO | D96: =IF(_PENDIENTES!$B$90<>"",_PENDIENTES!$D$90,"") -> 33948299 | E96: =IF(_PENDIENTES!$B$90<>"",_PENDIENTES!$E$90,"") -> 26/01/2026 | F96: =IF(_PENDIENTES!$B$90<>"",_PENDIENTES!$F$90,"") -> PETROLEO | G96: =IF(_PENDIENTES!$B$90<>"",_PENDIENTES!$G$90,"") -> 10 | H96: =IF(_PENDIENTES!$B$90<>"",_PENDIENTES!$H$90,"") -> 202.5 | I96: =IF(_PENDIENTES!$B$90<>"",_PENDIENTES!$I$90,"") -> LOPEZ HOYOS MIGUEL ANGEL | J96: =IF(_PENDIENTES!$B$90<>"",_PENDIENTES!$J$90,"") -> EUH-698 | K96: =IF(_PENDIENTES!$B$90<>"","POR RECOGER","") -> POR RECOGER | L96: =IF(_PENDIENTES!$B$90<>"",_PENDIENTES!$K$90,"") -> 0 | M96: =IF(_PENDIENTES!$B$90<>"",_PENDIENTES!$B$90,"") -> MARIA AUXILIADORA | N96: =IF(_PENDIENTES!$B$90<>"",_PENDIENTES!$L$90,"") -> MARIA AUXILIADORA
A97: =IF(_PENDIENTES!$B$91<>"",90,"") | B97: =IF(_PENDIENTES!$B$91<>"",_PENDIENTES!$A$91,"") | C97: =IF(_PENDIENTES!$B$91<>"",_PENDIENTES!$C$91,"") | D97: =IF(_PENDIENTES!$B$91<>"",_PENDIENTES!$D$91,"") | E97: =IF(_PENDIENTES!$B$91<>"",_PENDIENTES!$E$91,"") | F97: =IF(_PENDIENTES!$B$91<>"",_PENDIENTES!$F$91,"") | G97: =IF(_PENDIENTES!$B$91<>"",_PENDIENTES!$G$91,"") | H97: =IF(_PENDIENTES!$B$91<>"",_PENDIENTES!$H$91,"") | I97: =IF(_PENDIENTES!$B$91<>"",_PENDIENTES!$I$91,"") | J97: =IF(_PENDIENTES!$B$91<>"",_PENDIENTES!$J$91,"") | K97: =IF(_PENDIENTES!$B$91<>"","POR RECOGER","") | L97: =IF(_PENDIENTES!$B$91<>"",_PENDIENTES!$K$91,"") | M97: =IF(_PENDIENTES!$B$91<>"",_PENDIENTES!$B$91,"") | N97: =IF(_PENDIENTES!$B$91<>"",_PENDIENTES!$L$91,"")
A98: =IF(_PENDIENTES!$B$92<>"",91,"") | B98: =IF(_PENDIENTES!$B$92<>"",_PENDIENTES!$A$92,"") | C98: =IF(_PENDIENTES!$B$92<>"",_PENDIENTES!$C$92,"") | D98: =IF(_PENDIENTES!$B$92<>"",_PENDIENTES!$D$92,"") | E98: =IF(_PENDIENTES!$B$92<>"",_PENDIENTES!$E$92,"") | F98: =IF(_PENDIENTES!$B$92<>"",_PENDIENTES!$F$92,"") | G98: =IF(_PENDIENTES!$B$92<>"",_PENDIENTES!$G$92,"") | H98: =IF(_PENDIENTES!$B$92<>"",_PENDIENTES!$H$92,"") | I98: =IF(_PENDIENTES!$B$92<>"",_PENDIENTES!$I$92,"") | J98: =IF(_PENDIENTES!$B$92<>"",_PENDIENTES!$J$92,"") | K98: =IF(_PENDIENTES!$B$92<>"","POR RECOGER","") | L98: =IF(_PENDIENTES!$B$92<>"",_PENDIENTES!$K$92,"") | M98: =IF(_PENDIENTES!$B$92<>"",_PENDIENTES!$B$92,"") | N98: =IF(_PENDIENTES!$B$92<>"",_PENDIENTES!$L$92,"")
A99: =IF(_PENDIENTES!$B$93<>"",92,"") | B99: =IF(_PENDIENTES!$B$93<>"",_PENDIENTES!$A$93,"") | C99: =IF(_PENDIENTES!$B$93<>"",_PENDIENTES!$C$93,"") | D99: =IF(_PENDIENTES!$B$93<>"",_PENDIENTES!$D$93,"") | E99: =IF(_PENDIENTES!$B$93<>"",_PENDIENTES!$E$93,"") | F99: =IF(_PENDIENTES!$B$93<>"",_PENDIENTES!$F$93,"") | G99: =IF(_PENDIENTES!$B$93<>"",_PENDIENTES!$G$93,"") | H99: =IF(_PENDIENTES!$B$93<>"",_PENDIENTES!$H$93,"") | I99: =IF(_PENDIENTES!$B$93<>"",_PENDIENTES!$I$93,"") | J99: =IF(_PENDIENTES!$B$93<>"",_PENDIENTES!$J$93,"") | K99: =IF(_PENDIENTES!$B$93<>"","POR RECOGER","") | L99: =IF(_PENDIENTES!$B$93<>"",_PENDIENTES!$K$93,"") | M99: =IF(_PENDIENTES!$B$93<>"",_PENDIENTES!$B$93,"") | N99: =IF(_PENDIENTES!$B$93<>"",_PENDIENTES!$L$93,"")
A100: =IF(_PENDIENTES!$B$94<>"",93,"") | B100: =IF(_PENDIENTES!$B$94<>"",_PENDIENTES!$A$94,"") | C100: =IF(_PENDIENTES!$B$94<>"",_PENDIENTES!$C$94,"") | D100: =IF(_PENDIENTES!$B$94<>"",_PENDIENTES!$D$94,"") | E100: =IF(_PENDIENTES!$B$94<>"",_PENDIENTES!$E$94,"") | F100: =IF(_PENDIENTES!$B$94<>"",_PENDIENTES!$F$94,"") | G100: =IF(_PENDIENTES!$B$94<>"",_PENDIENTES!$G$94,"") | H100: =IF(_PENDIENTES!$B$94<>"",_PENDIENTES!$H$94,"") | I100: =IF(_PENDIENTES!$B$94<>"",_PENDIENTES!$I$94,"") | J100: =IF(_PENDIENTES!$B$94<>"",_PENDIENTES!$J$94,"") | K100: =IF(_PENDIENTES!$B$94<>"","POR RECOGER","") | L100: =IF(_PENDIENTES!$B$94<>"",_PENDIENTES!$K$94,"") | M100: =IF(_PENDIENTES!$B$94<>"",_PENDIENTES!$B$94,"") | N100: =IF(_PENDIENTES!$B$94<>"",_PENDIENTES!$L$94,"")
A101: =IF(_PENDIENTES!$B$95<>"",94,"") | B101: =IF(_PENDIENTES!$B$95<>"",_PENDIENTES!$A$95,"") | C101: =IF(_PENDIENTES!$B$95<>"",_PENDIENTES!$C$95,"") | D101: =IF(_PENDIENTES!$B$95<>"",_PENDIENTES!$D$95,"") | E101: =IF(_PENDIENTES!$B$95<>"",_PENDIENTES!$E$95,"") | F101: =IF(_PENDIENTES!$B$95<>"",_PENDIENTES!$F$95,"") | G101: =IF(_PENDIENTES!$B$95<>"",_PENDIENTES!$G$95,"") | H101: =IF(_PENDIENTES!$B$95<>"",_PENDIENTES!$H$95,"") | I101: =IF(_PENDIENTES!$B$95<>"",_PENDIENTES!$I$95,"") | J101: =IF(_PENDIENTES!$B$95<>"",_PENDIENTES!$J$95,"") | K101: =IF(_PENDIENTES!$B$95<>"","POR RECOGER","") | L101: =IF(_PENDIENTES!$B$95<>"",_PENDIENTES!$K$95,"") | M101: =IF(_PENDIENTES!$B$95<>"",_PENDIENTES!$B$95,"") | N101: =IF(_PENDIENTES!$B$95<>"",_PENDIENTES!$L$95,"")
A102: =IF(_PENDIENTES!$B$96<>"",95,"") | B102: =IF(_PENDIENTES!$B$96<>"",_PENDIENTES!$A$96,"") | C102: =IF(_PENDIENTES!$B$96<>"",_PENDIENTES!$C$96,"") | D102: =IF(_PENDIENTES!$B$96<>"",_PENDIENTES!$D$96,"") | E102: =IF(_PENDIENTES!$B$96<>"",_PENDIENTES!$E$96,"") | F102: =IF(_PENDIENTES!$B$96<>"",_PENDIENTES!$F$96,"") | G102: =IF(_PENDIENTES!$B$96<>"",_PENDIENTES!$G$96,"") | H102: =IF(_PENDIENTES!$B$96<>"",_PENDIENTES!$H$96,"") | I102: =IF(_PENDIENTES!$B$96<>"",_PENDIENTES!$I$96,"") | J102: =IF(_PENDIENTES!$B$96<>"",_PENDIENTES!$J$96,"") | K102: =IF(_PENDIENTES!$B$96<>"","POR RECOGER","") | L102: =IF(_PENDIENTES!$B$96<>"",_PENDIENTES!$K$96,"") | M102: =IF(_PENDIENTES!$B$96<>"",_PENDIENTES!$B$96,"") | N102: =IF(_PENDIENTES!$B$96<>"",_PENDIENTES!$L$96,"")
...

Sheet IPRESS
A1: CATALOGO DE IPRESS - UE 0725 (210 EESS)
A2: CODIGO RENAES | B2: NOMBRE IPRESS | C2: MICRORED
A3: 6754 | B3: 9 DE ENERO | C3: CHACHAPOYAS
A4: 6990 | B4: ACHAMAL | C4: TOTORA
A5: 7172 | B5: AGUA SANTA | C5: SANTO TOMAS
A6: 4912 | B6: ASUNCION GONCHA | C6: JUMBILLA
A7: 7175 | B7: ATUEN | C7: LEIMEBAMBA
A8: 27354 | B8: AYLLU SACHAPUYOS | C8: AYLLU SACHAPUYOS
A9: 7206 | B9: BALERIANA | C9: MARIA
A10: 4856 | B10: BALZAS | C10: LEIMEBAMBA
A11: 7334 | B11: BUENA VISTA | C11: MARIA
A12: 4937 | B12: BUENOS AIRES | C12: POMACOCHAS
A13: 7070 | B13: BUIQUIL | C13: YERBABUENA
... A212: 4954 | B212: ZARUMILLA | C212: ZARUMILLA

Sheet ENERO 2025
A1: REPORTE DE TRASLADO DE PACIENTES SIS DEL MES DE ENERO 2025 PARA REPOSICION DE COMBUSTIBLE
A2: TOTAL PETROLEO (gal): | D2: =IFERROR(SUMPRODUCT((K4:K113="PETROLEO")*ISNUMBER(M4:M113)*M4:M113),0) -> 0 | G2: TOTAL GASOLINA (gal): | J2: =IFERROR(SUMPRODUCT((K4:K113="GASOLINA")*ISNUMBER(M4:M113)*M4:M113),0) -> 0 | M2: TOTAL SOLES S/.: | P2: =IFERROR(SUMPRODUCT(ISNUMBER(M4:M113)*L4:L113*M4:M113),0) -> 0 | S2: N TRASLADOS: | U2: =SUBTOTAL(2,A4:A113) -> 106 | W2: ↑ Al filtrar por EESS los totales cambian automáticamente
Y3: DEVOLVER A (IPRESS DESTINO)
A4: COLUMNAS EN AZUL = AUTO (no editar) | Ingrese: N, NRO FORMATO, AFILIADO, TIPO DOC, NRO DOC, FECHA TRASLADO, COD RENAES, COD REFERENCIA, DNI CONDUCTOR, PRECIO GAL, GALONES, FECHA ENTREGA, CIE-10, ESTADO FUA, FECHA DIGITACION, OFICIO, O/C, META, OBSERVACION
A5: N | B5: NRO FORMATO ATENCION | C5: UNIDAD EJECUTORA | D5: AFILIADO | E5: TIPO DOC | F5: NRO DOCUMENTO | G5: FECHA TRASLADO | H5: COD RENAES | I5: DESCRIPCION EESS | J5: COD EESS REFERENCIA | K5: TIPO DE COMBUSTIBLE | L5: PRECIO GAL S/. | M5: GALONES | N5: TOTAL COMBUSTIBLE S/. | O5: DNI CONDUCTOR | P5: =IFERROR(VLOOKUP(TEXT(O5,"0"),CONDUCTORES!$A$3:$G$100,2,0),"") | Q5: =IFERROR(VLOOKUP(TEXT(O5,"0"),CONDUCTORES!$A$3:$H$100,6,0),"") | R5: FECHA DE ENTREGA | S5: CODIGO DE DIAGNOSTICO | T5: ESTADO FUA | U5: FECHA DIGITACION | V5: OFICIO | W5: O/C | X5: META | Y5: OBSERVACION
A6: 1 | B6: 00090006 | C6: REGION | D6: FUANTES LOPEZ ANYELI GABRIELA | E6: DNI | F6: 63391895 | G6: 45675 | H6: 4954 | I6: =IFERROR(VLOOKUP(TEXT(H6,"0"),IPRESS!$A$3:$B$212,2,0),"") -> ZARUMILLA | J6: 4838 | K6: =IFERROR(VLOOKUP(TEXT(O6,"0"),CONDUCTORES!$A$3:$G$100,7,0),"") | L6: 20.25 | M6: 6 | N6: =IFERROR(IF(L6*M6=0,"",L6*M6),"") -> 121.5 | P6: =IFERROR(VLOOKUP(TEXT(O6,"0"),CONDUCTORES!$A$3:$G$100,2,0),"") | Q6: =IFERROR(VLOOKUP(TEXT(O6,"0"),CONDUCTORES!$A$3:$H$100,6,0),"") | R6: ATENDIDO 01/07/2025 | S6: R100-K802 | T6: APROBADO | U6: 45698 | V6: 3041-2025 | W6: 3479.0 | X6: 189.0
A7: 2 | B7: 00090007 | C7: REGION | D7: BURGA BACA MARLITH | E7: DNI | F7: 77063161 | G7: 45680 | H7: 4954 | I7: =IFERROR(VLOOKUP(TEXT(H7,"0"),IPRESS!$A$3:$B$212,2,0),"") -> ZARUMILLA | J7: 4950 | K7: =IFERROR(VLOOKUP(TEXT(O7,"0"),CONDUCTORES!$A$3:$G$100,7,0),"") | L7: 20.25 | M7: 6 | N7: =IFERROR(IF(L7*M7=0,"",L7*M7),"") -> 121.5 | P7: =IFERROR(VLOOKUP(TEXT(O7,"0"),CONDUCTORES!$A$3:$G$100,2,0),"") | Q7: =IFERROR(VLOOKUP(TEXT(O7,"0"),CONDUCTORES!$A$3:$H$100,6,0),"") | R7: ATENDIDO 01/07/2025 | S7: O603 | T7: APROBADO | U7: 45698 | V7: 3041-2025 | W7: 3479.0 | X7: 189.0
A8: 3 | B8: 000000010 | C8: REGION | D8: ARRUE IBERICO JUAN FRANCISCO | E8: DNI | F8: 48008043 | G8: 45688 | H8: 4954 | I8: =IFERROR(VLOOKUP(TEXT(H8,"0"),IPRESS!$A$3:$B$212,2,0),"") -> ZARUMILLA | J8: 4950 | K8: =IFERROR(VLOOKUP(TEXT(O8,"0"),CONDUCTORES!$A$3:$G$100,7,0),"") | L8: 20.25 | M8: 6 | N8: =IFERROR(IF(L8*M8=0,"",L8*M8),"") -> 121.5 | P8: =IFERROR(VLOOKUP(TEXT(O8,"0"),CONDUCTORES!$A$3:$G$100,2,0),"") | Q8: =IFERROR(VLOOKUP(TEXT(O8,"0"),CONDUCTORES!$A$3:$H$100,6,0),"") | R8: ATENDIDO 01/07/2025 | S8: F99X,F209 | U8: 45709 | V8: 3041-2025 | W8: 3479.0 | X8: 189.0
A9: 4 | B9: 000000008 | C9: REGION | D9: RIVA TRIGOSO SEGUNDO GUILLERMO | E9: DNI | F9: 33950725 | G9: 45685 | H9: 4954 | I9: =IFERROR(VLOOKUP(TEXT(H9,"0"),IPRESS!$A$3:$B$212,2,0),"") -> ZARUMILLA | J9: 4950 | K9: =IFERROR(VLOOKUP(TEXT(O9,"0"),CONDUCTORES!$A$3:$G$100,7,0),"") | L9: 20.25 | M9: 6 | N9: =IFERROR(IF(L9*M9=0,"",L9*M9),"") -> 121.5 | P9: =IFERROR(VLOOKUP(TEXT(O9,"0"),CONDUCTORES!$A$3:$G$100,2,0),"") | Q9: =IFERROR(VLOOKUP(TEXT(O9,"0"),CONDUCTORES!$A$3:$H$100,6,0),"") | R9: ATENDIDO 01/07/2025 | S9: S223,I939 | U9: 45721 | V9: 3041-2025 | W9: 3479.0 | X9: 189.0
A10: 5 | B10: 000000002 | C10: REGION | D10: TAFUR TRUJILLO ESTER | E10: DNI | F10: 80695099 | G10: 45687 | H10: 4888 | I10: =IFERROR(VLOOKUP(TEXT(H10,"0"),IPRESS!$A$3:$B$212,2,0),"") -> SAN SALVADOR | J10: 4838 | K10: =IFERROR(VLOOKUP(TEXT(O10,"0"),CONDUCTORES!$A$3:$G$100,7,0),"") | L10: 18.18 | M10: 10 | N10: =IFERROR(IF(L10*M10=0,"",L10*M10),"") -> 181.8 | P10: =IFERROR(VLOOKUP(TEXT(O10,"0"),CONDUCTORES!$A$3:$G$100,2,0),"") | Q10: =IFERROR(VLOOKUP(TEXT(O10,"0"),CONDUCTORES!$A$3:$H$100,6,0),"") | R10: ATENDIDO 09/10/2025 | S10: A059,T784 | U10: 45721
A11: 6 | B11: 000000003 | C11: REGION | D11: VALLE CHAVEZ ROMINA MIRSEL | E11: DNI | F11: 60229576 | G11: 45677 | H11: 4895 | I11: =IFERROR(VLOOKUP(TEXT(H11,"0"),IPRESS!$A$3:$B$212,2,0),"") -> COLCAMAR | J11: 4838 | K11: =IFERROR(VLOOKUP(TEXT(O11,"0"),CONDUCTORES!$A$3:$G$100,7,0),"") | L11: 18.18 | M11: 8 | N11: =IFERROR(IF(L11*M11=0,"",L11*M11),"") -> 145.44 | P11: =IFERROR(VLOOKUP(TEXT(O11,"0"),CONDUCTORES!$A$3:$G$100,2,0),"") | Q11: =IFERROR(VLOOKUP(TEXT(O11,"0"),CONDUCTORES!$A$3:$H$100,6,0),"") | R11: ATENDIDIO 20/06/2025 | S11: O300 | U11: 45721 | V11: 2888-2025 | W11: CONTRATO N° 001-2025 DYT | X11: 267.0
A12: 7 | B12: 00000001 | C12: REGION | D12: FUENTES COLVAQUE ELIZABETH | E12: DNI | F12: 74858351 | G12: 45678 | H12: 4873 | I12: =IFERROR(VLOOKUP(TEXT(H12,"0"),IPRESS!$A$3:$B$212,2,0),"") -> CAMPORREDONDO | J12: 4838 | K12: =IFERROR(VLOOKUP(TEXT(O12,"0"),CONDUCTORES!$A$3:$G$100,7,0),"") | L12: 18.18 | M12: 20 | N12: =IFERROR(IF(L12*M12=0,"",L12*M12),"") -> 363.6 | P12: =IFERROR(VLOOKUP(TEXT(O12,"0"),CONDUCTORES!$A$3:$G$100,2,0),"") | Q12: =IFERROR(VLOOKUP(TEXT(O12,"0"),CONDUCTORES!$A$3:$H$100,6,0),"") | R12: ATENDIDO 03-04-2025 | S12: O603,O429 | U12: 45705 | V12: 0000108-ADENDA N° 001-2025DRSA/OEA.OABAST | W12: 2025.0 | X12: 256.0
A13: 8 | B13: 000000009 | C13: REGION | D13: LOJA MORI CECILIA MARGUIT | E13: DNI | F13: 73375465 | G13: 45672 | H13: 4887 | I13: =IFERROR(VLOOKUP(TEXT(H13,"0"),IPRESS!$A$3:$B$212,2,0),"") -> SANTO TOMAS | J13: 4838 | K13: =IFERROR(VLOOKUP(TEXT(O13,"0"),CONDUCTORES!$A$3:$G$100,7,0),"") | L13: 18.18 | M13: 10 | N13: =IFERROR(IF(L13*M13=0,"",L13*M13),"") -> 181.8 | P13: =IFERROR(VLOOKUP(TEXT(O13,"0"),CONDUCTORES!$A$3:$G$100,2,0),"") | Q13: =IFERROR(VLOOKUP(TEXT(O13,"0"),CONDUCTORES!$A$3:$H$100,6,0),"") | R13: ATENDIDO 12/05/2025 | S13: Z359-O629 | T13: APROBADO | U13: 45691 | V13: OFICO 1937-2025 | W13: 0000108- ADENDA N°001-2025 DRSA/OEA-O.ABAST | X13: 256.0
A14: 9 | B14: 000000007 | C14: REGION | D14: TAFUR BAZAN EMELY ALEXANDRA | E14: DNI | F14: 94059688 | G14: 45675 | H14: 4887 | I14: =IFERROR(VLOOKUP(TEXT(H14,"0"),IPRESS!$A$3:$B$212,2,0),"") -> SANTO TOMAS | J14: 4838 | K14: =IFERROR(VLOOKUP(TEXT(O14,"0"),CONDUCTORES!$A$3:$G$100,7,0),"") | L14: 18.18 | M14: 10 | N14: =IFERROR(IF(L14*M14=0,"",L14*M14),"") -> 181.8 | P14: =IFERROR(VLOOKUP(TEXT(O14,"0"),CONDUCTORES!$A$3:$G$100,2,0),"") | Q14: =IFERROR(VLOOKUP(TEXT(O14,"0"),CONDUCTORES!$A$3:$H$100,6,0),"") | R14: ATENDIDO 12/05/2025 | S14: R17X-A419 | T14: APROBADO | U14: 45692 | V14: OFICO 1937-2025 | W14: 0000108- ADENDA N°001-2025 DRSA/OEA-O.ABAST | X14: 256.0
A15: 10 | B15: 000000008 | C15: REGION | D15: VALQUI DE BUSTAMANTE MARIA DIONICIA | E15: DNI | F15: 33806181 | G15: 45684 | H15: 4887 | I15: =IFERROR(VLOOKUP(TEXT(H15,"0"),IPRESS!$A$3:$B$212,2,0),"") -> SANTO TOMAS | J15: 4838 | K15: =IFERROR(VLOOKUP(TEXT(O15,"0"),CONDUCTORES!$A$3:$G$100,7,0),"") | L15: 18.18 | M15: 10 | N15: =IFERROR(IF(L15*M15=0,"",L15*M15),"") -> 181.8 | P15: =IFERROR(VLOOKUP(TEXT(O15,"0"),CONDUCTORES!$A$3:$G$100,2,0),"") | Q15: =IFERROR(VLOOKUP(TEXT(O15,"0"),CONDUCTORES!$A$3:$H$100,6,0),"") | R15: ATENDIDO 12/05/2025 | S15: K819-R101 | T15: APROBADO | U15: 45705 | V15: OFICO 1937-2025 | W15: 0000108- ADENDA N°001-2025 DRSA/OEA-O.ABAST | X15: 256.0
A16: 11 | B16: 00000001 | C16: REGION | D16: CHUQUIPIONDO GUAMAN YBARISTA | E16: DNI | F16: 45148187 | G16: 45680 | H16: 4895 | I16: =IFERROR(VLOOKUP(TEXT(H16,"0"),IPRESS!$A$3:$B$212,2,0),"") -> COLCAMAR | J16: 4838 | K16: =IFERROR(VLOOKUP(TEXT(O16,"0"),CONDUCTORES!$A$3:$G$100,7,0),"") | L16: 18.18 | M16: 8 | N16: =IFERROR(IF(L16*M16=0,"",L16*M16),"") -> 145.44 | P16: =IFERROR(VLOOKUP(TEXT(O16,"0"),CONDUCTORES!$A$3:$G$100,2,0),"") | Q16: =IFERROR(VLOOKUP(TEXT(O16,"0"),CONDUCTORES!$A$3:$H$100,6,0),"") | R16: ATENDIDO 13/05/2025 | S16: K828 | T16: APROBADO | U16: 45705
A17: 12 | B17: 000000002 | C17: REGION | D17: BARDALES CHUQUIPA JOSE | E17: DNI | F17: 33422417 | G17: 45674 | H17: 4869 | I17: =IFERROR(VLOOKUP(TEXT(H17,"0"),IPRESS!$A$3:$B$212,2,0),"") -> MOLINOPAMPA | J17: 4838 | K17: =IFERROR(VLOOKUP(TEXT(O17,"0"),CONDUCTORES!$A$3:$G$100,7,0),"") | L17: 17.95 | M17: 8 | N17: =IFERROR(IF(L17*M17=0,"",L17*M17),"") -> 143.6 | P17: =IFERROR(VLOOKUP(TEXT(O17,"0"),CONDUCTORES!$A$3:$G$100,2,0),"") | Q17: =IFERROR(VLOOKUP(TEXT(O17,"0"),CONDUCTORES!$A$3:$H$100,6,0),"") | R17: ATENDIDO 13/05/2025 | S17: K922 | T17: APROBADO | U17: 45691 | V17: OFICIO 1940-2025 | W17: 0000108- ADENDA N°001-2025 DRSA/OEA-O.ABAST | X17: 257.0
A18: 13 | B18: 00000003 | C18: REGION | D18: MONTOYA SOPLA FRANCISCO | E18: DNI | F18: 33422421 | G18: 45676 | H18: 4869 | I18: =IFERROR(VLOOKUP(TEXT(H18,"0"),IPRESS!$A$3:$B$212,2,0),"") -> MOLINOPAMPA | J18: 4838 | K18: =IFERROR(VLOOKUP(TEXT(O18,"0"),CONDUCTORES!$A$3:$G$100,7,0),"") | L18: 17.95 | M18: 8 | N18: =IFERROR(IF(L18*M18=0,"",L18*M18),"") -> 143.6 | P18: =IFERROR(VLOOKUP(TEXT(O18,"0"),CONDUCTORES!$A$3:$G$100,2,0),"") | Q18: =IFERROR(VLOOKUP(TEXT(O18,"0"),CONDUCTORES!$A$3:$H$100,6,0),"") | R18: ATENDIDO 13/05/2025 | S18: J189-J969 | T18: APROBADO | U18: 45698 | V18: OFICIO 1940-2025 | W18: 0000108- ADENDA N°001-2025 DRSA/OEA-O.ABAST | X18: 257.0
A19: 14 | B19: 000000004 | C19: REGION | D19: SOPLA CULQUI HOMERO | E19: DNI | F19: 33426435 | G19: 45684 | H19: 4689 | I19: =IFERROR(VLOOKUP(TEXT(H19,"0"),IPRESS!$A$3:$B$212,2,0),"") | J19: 4838 | K19: =IFERROR(VLOOKUP(TEXT(O19,"0"),CONDUCTORES!$A$3:$G$100,7,0),"") | L19: 17.95 | M19: 8 | N19: =IFERROR(IF(L19*M19=0,"",L19*M19),"") -> 143.6 | P19: =IFERROR(VLOOKUP(TEXT(O19,"0"),CONDUCTORES!$A$3:$G$100,2,0),"") | Q19: =IFERROR(VLOOKUP(TEXT(O19,"0"),CONDUCTORES!$A$3:$H$100,6,0),"") | R19: ATENDIDO 13/05/2025 | S19: S029-S099 | T19: APROBADO | U19: 45705 | V19: OFICIO 1940-2025 | W19: 0000108- ADENDA N°001-2025 DRSA/OEA-O.ABAST | X19: 257.0
A20: 15 | B20: 00000005 | C20: REGION | D20: CADENILLAS ALTAMIRANO LUZ MARITHA | E20: DNI | F20: 48683561 | G20: 45677 | H20: 4932 | I20: =IFERROR(VLOOKUP(TEXT(H20,"0"),IPRESS!$A$3:$B$212,2,0),"") -> POMACOCHAS | J20: 4838 | K20: =IFERROR(VLOOKUP(TEXT(O20,"0"),CONDUCTORES!$A$3:$G$100,7,0),"") | L20: 18.18 | M20: 8 | N20: =IFERROR(IF(L20*M20=0,"",L20*M20),"") -> 145.44 | P20: =IFERROR(VLOOKUP(TEXT(O20,"0"),CONDUCTORES!$A$3:$G$100,2,0),"") | Q20: =IFERROR(VLOOKUP(TEXT(O20,"0"),CONDUCTORES!$A$3:$H$100,6,0),"") | R20: ATENDIDO 13/05/2025 | S20: Z359-O639-O234 | T20: APROBADO | U20: 45698 | V20: OFICIO 1957-2025 | W20: 0000108- ADENDA N°001-2025 DRSA/OEA-O.ABAST | X20: 256.0
A21: 16 | B21: 00000006 | C21: REGION | D21: ACUÑA MORALES YANALI | E21: DNI | F21: 60374095 | G21: 45679 | H21: 4932 | I21: =IFERROR(VLOOKUP(TEXT(H21,"0"),IPRESS!$A$3:$B$212,2,0),"") -> POMACOCHAS | J21: 4838 | K21: =IFERROR(VLOOKUP(TEXT(O21,"0"),CONDUCTORES!$A$3:$G$100,7,0),"") | L21: 18.18 | M21: 8 | N21: =IFERROR(IF(L21*M21=0,"",L21*M21),"") -> 145.44 | P21: =IFERROR(VLOOKUP(TEXT(O21,"0"),CONDUCTORES!$A$3:$G$100,2,0),"") | Q21: =IFERROR(VLOOKUP(TEXT(O21,"0"),CONDUCTORES!$A$3:$H$100,6,0),"") | R21: ATENDIDO 13/05/2025 | S21: O651-O324-Z359 | T21: APROBADO | U21: 45698 | V21: OFICIO 1957-2025 | W21: 0000108- ADENDA N°001-2025 DRSA/OEA-O.ABAST | X21: 256.0
A22: 17 | B22: 00000009 | C22: REGION | D22: YNGA ARCE ASUNTA | E22: DNI | F22: 42056399 | G22: 45682 | H22: 4932 | I22: =IFERROR(VLOOKUP(TEXT(H22,"0"),IPRESS!$A$3:$B$212,2,0),"") -> POMACOCHAS | J22: 4838 | K22: =IFERROR(VLOOKUP(TEXT(O22,"0"),CONDUCTORES!$A$3:$G$100,7,0),"") | L22: 18.18 | M22: 8 | N22: =IFERROR(IF(L22*M22=0,"",L22*M22),"") -> 145.44 | P22: =IFERROR(VLOOKUP(TEXT(O22,"0"),CONDUCTORES!$A$3:$G$100,2,0),"") | Q22: =IFERROR(VLOOKUP(TEXT(O22,"0"),CONDUCTORES!$A$3:$H$100,6,0),"") | R22: ATENDIDO 13/05/2025 | S22: O60X | T22: APROBADO | U22: 45705 | V22: OFICIO 1957-2025 | W22: 0000108- ADENDA N°001-2025 DRSA/OEA-O.ABAST | X22: 256.0
A23: 18 | B23: 00000007 | C23: REGION | D23: CERDAN ZAMORA CLEOTILDE | E23: DNI | F23: 27564431 | G23: 45669 | H23: 4932 | I23: =IFERROR(VLOOKUP(TEXT(H23,"0"),IPRESS!$A$3:$B$212,2,0),"") -> POMACOCHAS | J23: 4838 | K23: =IFERROR(VLOOKUP(TEXT(O23,"0"),CONDUCTORES!$A$3:$G$100,7,0),"") | L23: 18.18 | M23: 8 | N23: =IFERROR(IF(L23*M23=0,"",L23*M23),"") -> 145.44 | P23: =IFERROR(VLOOKUP(TEXT(O23,"0"),CONDUCTORES!$A$3:$G$100,2,0),"") | Q23: =IFERROR(VLOOKUP(TEXT(O23,"0"),CONDUCTORES!$A$3:$H$100,6,0),"") | R23: ATENDIDO 13/05/2025 | S23: R104-K830 | T23: APROBADO | U23: 45705 | V23: OFICIO 1957-2025 | W23: 0000108- ADENDA N°001-2025 DRSA/OEA-O.ABAST | X23: 256.0
A24: 19 | B24: 00000008 | C24: REGION | D24: CASTILLO QUIROZ AYLEN ALEXANDRA | E24: DNI | F24: 78227119 | G24: 45681 | H24: 4932 | I24: =IFERROR(VLOOKUP(TEXT(H24,"0"),IPRESS!$A$3:$B$212,2,0),"") -> POMACOCHAS | J24: 4838 | K24: =IFERROR(VLOOKUP(TEXT(O24,"0"),CONDUCTORES!$A$3:$G$100,7,0),"") | L24: 18.18 | M24: 8 | N24: =IFERROR(IF(L24*M24=0,"",L24*M24),"") -> 145.44 | P24: =IFERROR(VLOOKUP(TEXT(O24,"0"),CONDUCTORES!$A$3:$G$100,2,0),"") | Q24: =IFERROR(VLOOKUP(TEXT(O24,"0"),CONDUCTORES!$A$3:$H$100,6,0),"") | R24: ATENDIDO 13/05/2025 | S24: K37X | T24: APROBADO | U24: 45705 | V24: OFICIO 1957-2025 | W24: 0000108- ADENDA N°001-2025 DRSA/OEA-O.ABAST | X24: 256.0
A25: 20 | B25: 000000010 | C25: REGION | D25: ALTAMIRANO SANCHEZ PATROCINIA | E25: DNI | F25: 80250474 | G25: 45687 | H25: 4932 | I25: =IFERROR(VLOOKUP(TEXT(H25,"0"),IPRESS!$A$3:$B$212,2,0),"") -> POMACOCHAS | J25: 4838 | K25: =IFERROR(VLOOKUP(TEXT(O25,"0"),CONDUCTORES!$A$3:$G$100,7,0),"") | L25: 18.18 | M25: 8 | N25: =IFERROR(IF(L25*M25=0,"",L25*M25),"") -> 145.44 | P25: =IFERROR(VLOOKUP(TEXT(O25,"0"),CONDUCTORES!$A$3:$G$100,2,0),"") | Q25: =IFERROR(VLOOKUP(TEXT(O25,"0"),CONDUCTORES!$A$3:$H$100,6,0),"") | R25: ATENDIDO 13/05/2025 | S25: N111,E119,N739,K830,K359 | U25: 45721 | V25: OFICIO 1957-2025 | W25: 0000108- ADENDA N°001-2025 DRSA/OEA-O.ABAST | X25: 256.0
A26: 21 | B26: 00000001 | C26: REGION | D26: CASTREJON HIDALGO MELANY ARIANA | E26: DNI | F26: 63396718 | G26: 45680 | H26: 4903 | I26: =IFERROR(VLOOKUP(TEXT(H26,"0"),IPRESS!$A$3:$B$212,2,0),"") -> TINGO | J26: 4838 | K26: =IFERROR(VLOOKUP(TEXT(O26,"0"),CONDUCTORES!$A$3:$G$100,7,0),"") | L26: 18.18 | M26: 5 | N26: =IFERROR(IF(L26*M26=0,"",L26*M26),"") -> 90.9 | P26: =IFERROR(VLOOKUP(TEXT(O26,"0"),CONDUCTORES!$A$3:$G$100,2,0),"") | Q26: =IFERROR(VLOOKUP(TEXT(O26,"0"),CONDUCTORES!$A$3:$H$100,6,0),"") | R26: ATENDIDO 14/05/2025 | S26: G510 | T26: APROBADO | U26: 45698 | W26: 0000108- ADENDA N°001-2025 DRSA/OEA-O.ABAST | X26: 256.0
A27: 22 | B27: 000000002 | C27: REGION | D27: RAMIREZ RAMOS JUSTINIANO | E27: DNI | F27: 1028346 | G27: 45667 | H27: 4903 | I27: =IFERROR(VLOOKUP(TEXT(H27,"0"),IPRESS!$A$3:$B$212,2,0),"") -> TINGO | J27: 4838 | K27: =IFERROR(VLOOKUP(TEXT(O27,"0"),CONDUCTORES!$A$3:$G$100,7,0),"") | L27: 18.18 | M27: 5 | N27: =IFERROR(IF(L27*M27=0,"",L27*M27),"") -> 90.9 | P27: =IFERROR(VLOOKUP(TEXT(O27,"0"),CONDUCTORES!$A$3:$G$100,2,0),"") | Q27: =IFERROR(VLOOKUP(TEXT(O27,"0"),CONDUCTORES!$A$3:$H$100,6,0),"") | R27: ATENDIDO 14/05/2025 | S27: S373-R31X-R33X | T27: APROBADO | U27: 45705 | W27: 0000108- ADENDA N°001-2025 DRSA/OEA-O.ABAST | X27: 256.0
A28: 23 | B28: 000000003 | C28: REGION | D28: HORNA CHAVEZ AMADO ALADINO | E28: DNI | F28: 33807660 | G28: 45673 | H28: 4903 | I28: =IFERROR(VLOOKUP(TEXT(H28,"0"),IPRESS!$A$3:$B$212,2,0),"") -> TINGO | J28: 4838 | K28: =IFERROR(VLOOKUP(TEXT(O28,"0"),CONDUCTORES!$A$3:$G$100,7,0),"") | L28: 18.18 | M28: 5 | N28: =IFERROR(IF(L28*M28=0,"",L28*M28),"") -> 90.9 | P28: =IFERROR(VLOOKUP(TEXT(O28,"0"),CONDUCTORES!$A$3:$G$100,2,0),"") | Q28: =IFERROR(VLOOKUP(TEXT(O28,"0"),CONDUCTORES!$A$3:$H$100,6,0),"") | R28: ATENDIDO 14/05/2025 | S28: S681 | U28: 45721 | W28: 0000108- ADENDA N°001-2025 DRSA/OEA-O.ABAST | X28: 256.0
A29: 24 | B29: 000000006 | C29: REGION | D29: VALLEJOS ZUTA MILIAN | E29: DNI | F29: 73592967 | G29: 45662 | H29: 4850 | I29: =IFERROR(VLOOKUP(TEXT(H29,"0"),IPRESS!$A$3:$B$212,2,0),"") -> LAMUD | J29: 4838 | K29: =IFERROR(VLOOKUP(TEXT(O29,"0"),CONDUCTORES!$A$3:$G$100,7,0),"") | L29: 18.18 | M29: 4 | N29: =IFERROR(IF(L29*M29=0,"",L29*M29),"") -> 72.72 | P29: =IFERROR(VLOOKUP(TEXT(O29,"0"),CONDUCTORES!$A$3:$G$100,2,0),"") | Q29: =IFERROR(VLOOKUP(TEXT(O29,"0"),CONDUCTORES!$A$3:$H$100,6,0),"") | R29: ATENDIDO 16/05/2025 | S29: F103 | T29: APROBADO | U29: 45691 | W29: 0000108- ADENDA N°001-2025 DRSA/OEA-O.ABAST | X29: 256.0
A30: 25 | B30: 00000011 | C30: REGION | D30: FERNANDEZ POQUIS MAYELIT ISABEL | E30: DNI | F30: 75482623 | G30: 45683 | H30: 4850 | I30: =IFERROR(VLOOKUP(TEXT(H30,"0"),IPRESS!$A$3:$B$212,2,0),"") -> LAMUD | J30: 4838 | K30: =IFERROR(VLOOKUP(TEXT(O30,"0"),CONDUCTORES!$A$3:$G$100,7,0),"") | L30: 18.18 | M30: 4 | N30: =IFERROR(IF(L30*M30=0,"",L30*M30),"") -> 72.72 | P30: =IFERROR(VLOOKUP(TEXT(O30,"0"),CONDUCTORES!$A$3:$G$100,2,0),"") | Q30: =IFERROR(VLOOKUP(TEXT(O30,"0"),CONDUCTORES!$A$3:$H$100,6,0),"") | R30: ATENDIDO 16/05/2025 | S30: Z359-O623-O234 | T30: APROBADO | U30: 45705 | W30: 0000108- ADENDA N°001-2025 DRSA/OEA-O.ABAST | X30: 256.0
A31: 26 | B31: 00000007 | C31: REGION | D31: SANCHEZ PISCO DIANA ELIZABETH | E31: DNI | F31: 75977944 | G31: 45669 | H31: 4850 | I31: =IFERROR(VLOOKUP(TEXT(H31,"0"),IPRESS!$A$3:$B$212,2,0),"") -> LAMUD | J31: 4838 | K31: =IFERROR(VLOOKUP(TEXT(O31,"0"),CONDUCTORES!$A$3:$G$100,7,0),"") | L31: 18.18 | M31: 4 | N31: =IFERROR(IF(L31*M31=0,"",L31*M31),"") -> 72.72 | P31: =IFERROR(VLOOKUP(TEXT(O31,"0"),CONDUCTORES!$A$3:$G$100,2,0),"") | Q31: =IFERROR(VLOOKUP(TEXT(O31,"0"),CONDUCTORES!$A$3:$H$100,6,0),"") | R31: ATENDIDO 16/05/2025 | S31: R104-K359-K810 | T31: APROBADO | U31: 45705 | W31: 0000108- ADENDA N°001-2025 DRSA/OEA-O.ABAST | X31: 256.0
A32: 27 | B32: 00000010 | C32: REGION | D32: LLANOS MEDINA FRANCISCO | E32: DNI | F32: 33793261 | G32: 45681 | H32: 4850 | I32: =IFERROR(VLOOKUP(TEXT(H32,"0"),IPRESS!$A$3:$B$212,2,0),"") -> LAMUD | J32: 4838 | K32: =IFERROR(VLOOKUP(TEXT(O32,"0"),CONDUCTORES!$A$3:$G$100,7,0),"") | L32: 18.18 | M32: 4 | N32: =IFERROR(IF(L32*M32=0,"",L32*M32),"") -> 72.72 | P32: =IFERROR(VLOOKUP(TEXT(O32,"0"),CONDUCTORES!$A$3:$G$100,2,0),"") | Q32: =IFERROR(VLOOKUP(TEXT(O32,"0"),CONDUCTORES!$A$3:$H$100,6,0),"") | R32: ATENDIDO 16/05/2025 | S32: S822-I10X-E119 | T32: APROBADO | U32: 45705 | W32: 0000108- ADENDA N°001-2025 DRSA/OEA-O.ABAST | X32: 256.0
A33: 28 | B33: 00000008 | C33: REGION | D33: CUEVA GRANDEZ EDWIN | E33: DNI | F33: 7256446 | G33: 45670 | H33: 4850 | I33: =IFERROR(VLOOKUP(TEXT(H33,"0"),IPRESS!$A$3:$B$212,2,0),"") -> LAMUD | J33: 4838 | K33: =IFERROR(VLOOKUP(TEXT(O33,"0"),CONDUCTORES!$A$3:$G$100,7,0),"") | L33: 18.18 | M33: 4 | N33: =IFERROR(IF(L33*M33=0,"",L33*M33),"") -> 72.72 | P33: =IFERROR(VLOOKUP(TEXT(O33,"0"),CONDUCTORES!$A$3:$G$100,2,0),"") | Q33: =IFERROR(VLOOKUP(TEXT(O33,"0"),CONDUCTORES!$A$3:$H$100,6,0),"") | R33: ATENDIDO 16/05/2025 | S33: S701-S730 | T33: APROBADO | U33: 45705 | W33: 0000108- ADENDA N°001-2025 DRSA/OEA-O.ABAST | X33: 256.0
A34: 29 | B34: 00000009 | C34: REGION | D34: POQUIOMA BAUTISTA MILAGRITOS | E34: DNI | F34: 60364491 | G34: 45675 | H34: 4850 | I34: =IFERROR(VLOOKUP(TEXT(H34,"0"),IPRESS!$A$3:$B$212,2,0),"") -> LAMUD | J34: 4838 | K34: =IFERROR(VLOOKUP(TEXT(O34,"0"),CONDUCTORES!$A$3:$G$100,7,0),"") | L34: 18.18 | M34: 4 | N34: =IFERROR(IF(L34*M34=0,"",L34*M34),"") -> 72.72 | P34: =IFERROR(VLOOKUP(TEXT(O34,"0"),CONDUCTORES!$A$3:$G$100,2,0),"") | Q34: =IFERROR(VLOOKUP(TEXT(O34,"0"),CONDUCTORES!$A$3:$H$100,6,0),"") | R34: ATENDIDO 16/05/2025 | S34: Z359-O479-O48X | T34: APROBADO | U34: 45705 | W34: 0000108- ADENDA N°001-2025 DRSA/OEA-O.ABAST | X34: 256.0
A35: 30 | B35: 00000024 | C35: REGION | D35: MONTOYA COLLAZOS FRED KEVIN | E35: DNI | F35: 46065777 | G35: 45678 | H35: 4950 | I35: =IFERROR(VLOOKUP(TEXT(H35,"0"),IPRESS!$A$3:$B$212,2,0),"") -> MARIA AUXILIADORA | J35: 4838 | K35: =IFERROR(VLOOKUP(TEXT(O35,"0"),CONDUCTORES!$A$3:$G$100,7,0),"") | L35: 20.25 | M35: 7 | N35: =IFERROR(IF(L35*M35=0,"",L35*M35),"") -> 141.75 | P35: =IFERROR(VLOOKUP(TEXT(O35,"0"),CONDUCTORES!$A$3:$G$100,2,0),"") | Q35: =IFERROR(VLOOKUP(TEXT(O35,"0"),CONDUCTORES!$A$3:$H$100,6,0),"") | R35: ATENDIDO 17/06/2025 | S35: T000-I159 | T35: APROBADO | U35: 45698 | W35: 0000108- ADENDA N°001-2025 DRSA/OEA-O.ABAST | X35: 256.0
A36: 31 | B36: 00000025 | C36: REGION | D36: HUAMAN VARGAS DAVID ARON | E36: DNI | F36: 91537652 | G36: 45679 | H36: 4950 | I36: =IFERROR(VLOOKUP(TEXT(H36,"0"),IPRESS!$A$3:$B$212,2,0),"") -> MARIA AUXILIADORA | J36: 4838 | K36: =IFERROR(VLOOKUP(TEXT(O36,"0"),CONDUCTORES!$A$3:$G$100,7,0),"") | L36: 20.25 | M36: 7 | N36: =IFERROR(IF(L36*M36=0,"",L36*M36),"") -> 141.75 | P36: =IFERROR(VLOOKUP(TEXT(O36,"0"),CONDUCTORES!$A$3:$G$100,2,0),"") | Q36: =IFERROR(VLOOKUP(TEXT(O36,"0"),CONDUCTORES!$A$3:$H$100,6,0),"") | R36: ATENDIDO 17/06/2025 | S36: K359 | T36: APROBADO | U36: 45698 | W36: 3479.0 | X36: 189.0
A37: 32 | B37: 00000026 | C37: REGION | D37: CARRERA ORIHUELA SOFIA | E37: DNI | F37: 90782875 | G37: 45680 | H37: 4950 | I37: =IFERROR(VLOOKUP(TEXT(H37,"0"),IPRESS!$A$3:$B$212,2,0),"") -> MARIA AUXILIADORA | J37: 4838 | K37: =IFERROR(VLOOKUP(TEXT(O37,"0"),CONDUCTORES!$A$3:$G$100,7,0),"") | L37: 20.25 | M37: 6 | N37: =IFERROR(IF(L37*M37=0,"",L37*M37),"") -> 121.5 | P37: =IFERROR(VLOOKUP(TEXT(O37,"0"),CONDUCTORES!$A$3:$G$100,2,0),"") | Q37: =IFERROR(VLOOKUP(TEXT(O37,"0"),CONDUCTORES!$A$3:$H$100,6,0),"") | R37: ATENDIDO 17/06/2025 | S37: K922-N390 | T37: APROBADO | U37: 45698 | W37: 3479.0 | X37: 189.0
A38: 33 | B38: 00000029 | C38: REGION | D38: SANTILLAN TOCHON MAYLLURI | E38: DNI | F38: 70941307 | G38: 45683 | H38: 4950 | I38: =IFERROR(VLOOKUP(TEXT(H38,"0"),IPRESS!$A$3:$B$212,2,0),"") -> MARIA AUXILIADORA | J38: 4838 | K38: =IFERROR(VLOOKUP(TEXT(O38,"0"),CONDUCTORES!$A$3:$G$100,7,0),"") | L38: 20.25 | M38: 7 | N38: =IFERROR(IF(L38*M38=0,"",L38*M38),"") -> 141.75 | P38: =IFERROR(VLOOKUP(TEXT(O38,"0"),CONDUCTORES!$A$3:$G$100,2,0),"") | Q38: =IFERROR(VLOOKUP(TEXT(O38,"0"),CONDUCTORES!$A$3:$H$100,6,0),"") | R38: ATENDIDO 17/06/2025 | S38: S728 | T38: APROBADO | U38: 45705 | W38: 3479.0 | X38: 189.0
A39: 34 | B39: 000000027 | C39: REGION | D39: ZAMORA PEREZ APOLONIA | E39: DNI | F39: 43264292 | G39: 45682 | H39: 4950 | I39: =IFERROR(VLOOKUP(TEXT(H39,"0"),IPRESS!$A$3:$B$212,2,0),"") -> MARIA AUXILIADORA | J39: 4838 | K39: =IFERROR(VLOOKUP(TEXT(O39,"0"),CONDUCTORES!$A$3:$G$100,7,0),"") | L39: 20.25 | M39: 6 | N39: =IFERROR(IF(L39*M39=0,"",L39*M39),"") -> 121.5 | P39: =IFERROR(VLOOKUP(TEXT(O39,"0"),CONDUCTORES!$A$3:$G$100,2,0),"") | Q39: =IFERROR(VLOOKUP(TEXT(O39,"0"),CONDUCTORES!$A$3:$H$100,6,0),"") | R39: ATENDIDO 17/06/2025 | S39: S009-S223-S001 | T39: APROBADO | U39: 45705 | W39: 3479.0 | X39: 189.0
A40: 35 | B40: 000000028 | C40: REGION | D40: ARBILDO MESIA SIMONA | E40: DNI | F40: 48245498 | G40: 45682 | H40: 4950 | I40: =IFERROR(VLOOKUP(TEXT(H40,"0"),IPRESS!$A$3:$B$212,2,0),"") -> MARIA AUXILIADORA | J40: 4838 | K40: =IFERROR(VLOOKUP(TEXT(O40,"0"),CONDUCTORES!$A$3:$G$100,7,0),"") | L40: 20.25 | M40: 7 | N40: =IFERROR(IF(L40*M40=0,"",L40*M40),"") -> 141.75 | P40: =IFERROR(VLOOKUP(TEXT(O40,"0"),CONDUCTORES!$A$3:$G$100,2,0),"") | Q40: =IFERROR(VLOOKUP(TEXT(O40,"0"),CONDUCTORES!$A$3:$H$100,6,0),"") | R40: ATENDIDO 17/06/2025 | S40: I499 | T40: APROBADO | U40: 45705 | W40: 3479.0 | X40: 189.0
A41: 36 | B41: 000000033 | C41: REGION | D41: HUAMAN CARO MARIA DOLORES | E41: DNI | F41: 47651398 | G41: 45687 | H41: 4950 | I41: =IFERROR(VLOOKUP(TEXT(H41,"0"),IPRESS!$A$3:$B$212,2,0),"") -> MARIA AUXILIADORA | J41: 4838 | K41: =IFERROR(VLOOKUP(TEXT(O41,"0"),CONDUCTORES!$A$3:$G$100,7,0),"") | L41: 20.25 | M41: 7 | N41: =IFERROR(IF(L41*M41=0,"",L41*M41),"") -> 141.75 | P41: =IFERROR(VLOOKUP(TEXT(O41,"0"),CONDUCTORES!$A$3:$G$100,2,0),"") | Q41: =IFERROR(VLOOKUP(TEXT(O41,"0"),CONDUCTORES!$A$3:$H$100,6,0),"") | R41: ATENDIDO 17/06/2025 | S41: O364 | U41: 45721 | W41: 3479.0 | X41: 189.0
A42: 37 | B42: 000000032 | C42: REGION | D42: RIVA TRIGOSO SEGUNDO GUILLERMO | E42: DNI | F42: 33950725 | G42: 45687 | H42: 4950 | I42: =IFERROR(VLOOKUP(TEXT(H42,"0"),IPRESS!$A$3:$B$212,2,0),"") -> MARIA AUXILIADORA | J42: 4838 | K42: =IFERROR(VLOOKUP(TEXT(O42,"0"),CONDUCTORES!$A$3:$G$100,7,0),"") | L42: 20.25 | M42: 7 | N42: =IFERROR(IF(L42*M42=0,"",L42*M42),"") -> 141.75 | P42: =IFERROR(VLOOKUP(TEXT(O42,"0"),CONDUCTORES!$A$3:$G$100,2,0),"") | Q42: =IFERROR(VLOOKUP(TEXT(O42,"0"),CONDUCTORES!$A$3:$H$100,6,0),"") | R42: ATENDIDO 17/06/2025 | S42: S270 | U42: 45721 | W42: 3479.0 | X42: 189.0
A43: 38 | B43: 000000001 | C43: REGION | D43: PEREZ MEJIA FANNY | E43: DNI | F43: 45373431 | G43: 45672 | H43: 4859 | I43: =IFERROR(VLOOKUP(TEXT(H43,"0"),IPRESS!$A$3:$B$212,2,0),"") -> LEYMEBAMBA | J43: 4838 | K43: =IFERROR(VLOOKUP(TEXT(O43,"0"),CONDUCTORES!$A$3:$G$100,7,0),"") | L43: 18.18 | M43: 6 | N43: =IFERROR(IF(L43*M43=0,"",L43*M43),"") -> 109.08 | P43: =IFERROR(VLOOKUP(TEXT(O43,"0"),CONDUCTORES!$A$3:$G$100,2,0),"") | Q43: =IFERROR(VLOOKUP(TEXT(O43,"0"),CONDUCTORES!$A$3:$H$100,6,0),"") | R43: ATENDIDO 17/06/2025 | S43: O429 | T43: APROBADO | U43: 45698 | W43: CONTRATO N° 001-2025 DYT | X43: 285.0
A44: 39 | B44: 00000002 | C44: REGION | D44: IZQUIERDO RODRIGUEZ FELIPE SANTIAGO | E44: DNI | F44: 42214433 | G44: 45660 | H44: 4859 | I44: =IFERROR(VLOOKUP(TEXT(H44,"0"),IPRESS!$A$3:$B$212,2,0),"") -> LEYMEBAMBA | J44: 4838 | K44: =IFERROR(VLOOKUP(TEXT(O44,"0"),CONDUCTORES!$A$3:$G$100,7,0),"") | L44: 18.18 | M44: 6 | N44: =IFERROR(IF(L44*M44=0,"",L44*M44),"") -> 109.08 | P44: =IFERROR(VLOOKUP(TEXT(O44,"0"),CONDUCTORES!$A$3:$G$100,2,0),"") | Q44: =IFERROR(VLOOKUP(TEXT(O44,"0"),CONDUCTORES!$A$3:$H$100,6,0),"") | R44: ATENDIDO 17/06/2025 | S44: R101-K359 | T44: APROBADO | U44: 45698 | W44: CONTRATO N° 001-2025 DYT | X44: 285.0
A45: 40 | B45: 00000003 | C45: REGION | D45: PEREZ ALVA FRANCISCA KELLY | E45: DNI | F45: 76382054 | G45: 45680 | H45: 4859 | I45: =IFERROR(VLOOKUP(TEXT(H45,"0"),IPRESS!$A$3:$B$212,2,0),"") -> LEYMEBAMBA | J45: 4838 | K45: =IFERROR(VLOOKUP(TEXT(O45,"0"),CONDUCTORES!$A$3:$G$100,7,0),"") | L45: 18.18 | M45: 6 | N45: =IFERROR(IF(L45*M45=0,"",L45*M45),"") -> 109.08 | P45: =IFERROR(VLOOKUP(TEXT(O45,"0"),CONDUCTORES!$A$3:$G$100,2,0),"") | Q45: =IFERROR(VLOOKUP(TEXT(O45,"0"),CONDUCTORES!$A$3:$H$100,6,0),"") | R45: ATENDIDO 17/06/2025 | S45: Z359-O429 | T45: APROBADO | U45: 45698 | W45: CONTRATO N° 001-2025 DYT | X45: 285.0
A46: 41 | B46: 00000004 | C46: REGION | D46: QUISPE CAMPOS ROSALIA | E46: DNI | F46: 485739823 | G46: 45681 | H46: 4859 | I46: =IFERROR(VLOOKUP(TEXT(H46,"0"),IPRESS!$A$3:$B$212,2,0),"") -> LEYMEBAMBA | J46: 4838 | K46: =IFERROR(VLOOKUP(TEXT(O46,"0"),CONDUCTORES!$A$3:$G$100,7,0),"") | L46: 18.18 | M46: 6 | N46: =IFERROR(IF(L46*M46=0,"",L46*M46),"") -> 109.08 | P46: =IFERROR(VLOOKUP(TEXT(O46,"0"),CONDUCTORES!$A$3:$G$100,2,0),"") | Q46: =IFERROR(VLOOKUP(TEXT(O46,"0"),CONDUCTORES!$A$3:$H$100,6,0),"") | R46: ATENDIDO 17/06/2025 | S46: I960-I679-I110-I509 | T46: APROBADO | U46: 45705 | W46: CONTRATO N° 001-2025 DYT | X46: 285.0
A47: 42 | B47: 000000005 | C47: REGION | D47: ATALAYA CHACON REYDA | E47: DNI | F47: 42339499 | G47: 45688 | H47: 4859 | I47: =IFERROR(VLOOKUP(TEXT(H47,"0"),IPRESS!$A$3:$B$212,2,0),"") -> LEYMEBAMBA | J47: 4838 | K47: =IFERROR(VLOOKUP(TEXT(O47,"0"),CONDUCTORES!$A$3:$G$100,7,0),"") | L47: 18.18 | M47: 6 | N47: =IFERROR(IF(L47*M47=0,"",L47*M47),"") -> 109.08 | P47: =IFERROR(VLOOKUP(TEXT(O47,"0"),CONDUCTORES!$A$3:$G$100,2,0),"") | Q47: =IFERROR(VLOOKUP(TEXT(O47,"0"),CONDUCTORES!$A$3:$H$100,6,0),"") | R47: ATENDIDO 17/06/2025 | S47: S010,S069 | U47: 45721 | W47: CONTRATO N° 001-2025 DYT | X47: 285.0
A48: 43 | B48: 000000019 | C48: REGION | D48: DAVILA ALVA JANNA VALERIA | E48: DNI | F48: 79577991 | G48: 45661 | H48: 7060 | I48: =IFERROR(VLOOKUP(TEXT(H48,"0"),IPRESS!$A$3:$B$212,2,0),"") -> YAULICACHI | J48: 4838 | K48: =IFERROR(VLOOKUP(TEXT(O48,"0"),CONDUCTORES!$A$3:$G$100,7,0),"") | L48: 18.18 | M48: 20 | N48: =IFERROR(IF(L48*M48=0,"",L48*M48),"") -> 363.6 | P48: =IFERROR(VLOOKUP(TEXT(O48,"0"),CONDUCTORES!$A$3:$G$100,2,0),"") | Q48: =IFERROR(VLOOKUP(TEXT(O48,"0"),CONDUCTORES!$A$3:$H$100,6,0),"") | R48: ATENDIDO 18/06/2025 | S48: R103-K359-I880 | T48: APROBADO | U48: 45671 | V48: 00024-2025 | W48: 539-2024 | X48: 163.0
A49: 44 | B49: 000000001 | C49: REGION | D49: BRICEÑO TUESTA JOSE MARTIN | E49: DNI | F49: 74627761 | G49: 45675 | H49: 7060 | I49: =IFERROR(VLOOKUP(TEXT(H49,"0"),IPRESS!$A$3:$B$212,2,0),"") -> YAULICACHI | J49: 4838 | K49: =IFERROR(VLOOKUP(TEXT(O49,"0"),CONDUCTORES!$A$3:$G$100,7,0),"") | L49: 18.18 | M49: 20 | N49: =IFERROR(IF(L49*M49=0,"",L49*M49),"") -> 363.6 | P49: =IFERROR(VLOOKUP(TEXT(O49,"0"),CONDUCTORES!$A$3:$G$100,2,0),"") | Q49: =IFERROR(VLOOKUP(TEXT(O49,"0"),CONDUCTORES!$A$3:$H$100,6,0),"") | R49: ATENDIDO 18/06/2025 | S49: F200 | T49: APROBADO | U49: 45684 | V49: 0041-2025 | W49: 539-2024 | X49: 163.0
A50: 45 | B50: 000000001 | C50: REGION | D50: AGUILAR SALAZAR PEDRO | E50: DNI | F50: 33799034 | G50: 45660 | H50: 7060 | I50: =IFERROR(VLOOKUP(TEXT(H50,"0"),IPRESS!$A$3:$B$212,2,0),"") -> YAULICACHI | J50: 4838 | K50: =IFERROR(VLOOKUP(TEXT(O50,"0"),CONDUCTORES!$A$3:$G$100,7,0),"") | L50: 18.18 | M50: 20 | N50: =IFERROR(IF(L50*M50=0,"",L50*M50),"") -> 363.6 | P50: =IFERROR(VLOOKUP(TEXT(O50,"0"),CONDUCTORES!$A$3:$G$100,2,0),"") | Q50: =IFERROR(VLOOKUP(TEXT(O50,"0"),CONDUCTORES!$A$3:$H$100,6,0),"") | R50: ATENDIDO 18/06/2025 | S50: G932-H401 | T50: APROBADO | U50: 45684 | V50: 0041-2025 | W50: 539-2024 | X50: 163.0
A51: 46 | B51: 000000002 | C51: REGION | D51: LOPEZ GUADALUPE NARDY FIORELA | E51: DNI | F51: 79521364 | G51: 45666 | H51: 7060 | I51: =IFERROR(VLOOKUP(TEXT(H51,"0"),IPRESS!$A$3:$B$212,2,0),"") -> YAULICACHI | J51: 4838 | K51: =IFERROR(VLOOKUP(TEXT(O51,"0"),CONDUCTORES!$A$3:$G$100,7,0),"") | L51: 18.18 | M51: 20 | N51: =IFERROR(IF(L51*M51=0,"",L51*M51),"") -> 363.6 | P51: =IFERROR(VLOOKUP(TEXT(O51,"0"),CONDUCTORES!$A$3:$G$100,2,0),"") | Q51: =IFERROR(VLOOKUP(TEXT(O51,"0"),CONDUCTORES!$A$3:$H$100,6,0),"") | R51: ATENDIDO 18/06/2025 | S51: D610 | T51: APROBADO | U51: 45684 | V51: 0041-2025 | W51: 539-2024 | X51: 163.0
A52: 47 | B52: 000000003 | C52: REGION | D52: GUEVARA ZUTA MARLITH | E52: DNI | F52: 74914342 | G52: 45674 | H52: 4843 | I52: =IFERROR(VLOOKUP(TEXT(H52,"0"),IPRESS!$A$3:$B$212,2,0),"") -> COLLONCE | J52: 4838 | K52: =IFERROR(VLOOKUP(TEXT(O52,"0"),CONDUCTORES!$A$3:$G$100,7,0),"") | L52: 18.18 | M52: 20 | N52: =IFERROR(IF(L52*M52=0,"",L52*M52),"") -> 363.6 | P52: =IFERROR(VLOOKUP(TEXT(O52,"0"),CONDUCTORES!$A$3:$G$100,2,0),"") | Q52: =IFERROR(VLOOKUP(TEXT(O52,"0"),CONDUCTORES!$A$3:$H$100,6,0),"") | R52: ATENDIDO 18/06/2025 | S52: Z359-O759 | T52: APROBADO | U52: 45691 | V52: 0041-2025 | W52: 539-2024 | X52: 163.0
A53: 48 | B53: 00000003 | C53: REGION | D53: FERNANDEZ CHUQUIDEN ROSALITH | E53: DNI | F53: 73531189 | G53: 45679 | H53: 4876 | I53: =IFERROR(VLOOKUP(TEXT(H53,"0"),IPRESS!$A$3:$B$212,2,0),"") -> OCALLI | J53: 4838 | K53: =IFERROR(VLOOKUP(TEXT(O53,"0"),CONDUCTORES!$A$3:$G$100,7,0),"") | L53: 18.18 | M53: 30 | N53: =IFERROR(IF(L53*M53=0,"",L53*M53),"") -> 545.4 | P53: =IFERROR(VLOOKUP(TEXT(O53,"0"),CONDUCTORES!$A$3:$G$100,2,0),"") | Q53: =IFERROR(VLOOKUP(TEXT(O53,"0"),CONDUCTORES!$A$3:$H$100,6,0),"") | R53: ATENDIDO 19/05/2025 | S53: Z359-O321-O429 | T53: APROBADO | U53: 45698 | W53: 0000108- ADENDA N°001-2025 DRSA/OEA-O.ABAST | X53: 256.0
A54: 49 | B54: 000000004 | C54: REGION | D54: PUERTA HUAMAN MARLENI | E54: DNI | F54: 45735382 | G54: 45677 | H54: 4904 | I54: =IFERROR(VLOOKUP(TEXT(H54,"0"),IPRESS!$A$3:$B$212,2,0),"") -> YERBABUENA | J54: 4838 | K54: =IFERROR(VLOOKUP(TEXT(O54,"0"),CONDUCTORES!$A$3:$G$100,7,0),"") | L54: 18.18 | M54: 8 | N54: =IFERROR(IF(L54*M54=0,"",L54*M54),"") -> 145.44 | P54: =IFERROR(VLOOKUP(TEXT(O54,"0"),CONDUCTORES!$A$3:$G$100,2,0),"") | Q54: =IFERROR(VLOOKUP(TEXT(O54,"0"),CONDUCTORES!$A$3:$H$100,6,0),"") | R54: ATENDIDO 19/05/2025 | S54: O429 | T54: APROBADO | U54: 45705 | W54: 0000108- ADENDA N°001-2025 DRSA/OEA-O.ABAST | X54: 256.0
A55: 50 | B55: 000000001 | C55: REGION | D55: ALVARADO JANAMPA LENIN BENITO | E55: DNI | F55: 76187839 | G55: 45666 | H55: 4904 | I55: =IFERROR(VLOOKUP(TEXT(H55,"0"),IPRESS!$A$3:$B$212,2,0),"") -> YERBABUENA | J55: 4838 | K55: =IFERROR(VLOOKUP(TEXT(O55,"0"),CONDUCTORES!$A$3:$G$100,7,0),"") | L55: 18.18 | M55: 8 | N55: =IFERROR(IF(L55*M55=0,"",L55*M55),"") -> 145.44 | P55: =IFERROR(VLOOKUP(TEXT(O55,"0"),CONDUCTORES!$A$3:$G$100,2,0),"") | Q55: =IFERROR(VLOOKUP(TEXT(O55,"0"),CONDUCTORES!$A$3:$H$100,6,0),"") | R55: ATENDIDO 19/05/2025 | S55: S022-I678 | T55: APROBADO | U55: 45705 | W55: 0000108- ADENDA N°001-2025 DRSA/OEA-O.ABAST | X55: 256.0
A56: 51 | B56: 000000002 | C56: REGION | D56: VERGARAY RAMIREZ NESTOR LUCAS | E56: DNI | F56: 33421499 | G56: 45670 | H56: 4904 | I56: =IFERROR(VLOOKUP(TEXT(H56,"0"),IPRESS!$A$3:$B$212,2,0),"") -> YERBABUENA | J56: 4838 | K56: =IFERROR(VLOOKUP(TEXT(O56,"0"),CONDUCTORES!$A$3:$G$100,7,0),"") | L56: 18.18 | M56: 8 | N56: =IFERROR(IF(L56*M56=0,"",L56*M56),"") -> 145.44 | P56: =IFERROR(VLOOKUP(TEXT(O56,"0"),CONDUCTORES!$A$3:$G$100,2,0),"") | Q56: =IFERROR(VLOOKUP(TEXT(O56,"0"),CONDUCTORES!$A$3:$H$100,6,0),"") | R56: ATENDIDO 19/05/2025 | S56: A419-N170-R601 | T56: APROBADO | U56: 45705 | W56: 0000108- ADENDA N°001-2025 DRSA/OEA-O.ABAST | X56: 256.0
A57: 52 | B57: 000000003 | C57: REGION | D57: HUAMAN ROJAS ROBINSON | E57: DNI | F57: 75934907 | G57: 45672 | H57: 4904 | I57: =IFERROR(VLOOKUP(TEXT(H57,"0"),IPRESS!$A$3:$B$212,2,0),"") -> YERBABUENA | J57: 4838 | K57: =IFERROR(VLOOKUP(TEXT(O57,"0"),CONDUCTORES!$A$3:$G$100,7,0),"") | L57: 18.18 | M57: 8 | N57: =IFERROR(IF(L57*M57=0,"",L57*M57),"") -> 145.44 | P57: =IFERROR(VLOOKUP(TEXT(O57,"0"),CONDUCTORES!$A$3:$G$100,2,0),"") | Q57: =IFERROR(VLOOKUP(TEXT(O57,"0"),CONDUCTORES!$A$3:$H$100,6,0),"") | R57: ATENDIDO 19/05/2025 | S57: T210-G822 | T57: APROBADO | U57: 45705 | W57: 0000108- ADENDA N°001-2025 DRSA/OEA-O.ABAST | X57: 256.0
A58: 53 | B58: 000000003 | C58: REGION | D58: PUERTA GUIOP DUBERLITH | E58: DNI | F58: 75056301 | G58: 45672 | H58: 4905 | I58: =IFERROR(VLOOKUP(TEXT(H58,"0"),IPRESS!$A$3:$B$212,2,0),"") -> JALCA GRANDE | J58: 4838 | K58: =IFERROR(VLOOKUP(TEXT(O58,"0"),CONDUCTORES!$A$3:$G$100,7,0),"") | L58: 18.18 | M58: 8 | N58: =IFERROR(IF(L58*M58=0,"",L58*M58),"") -> 145.44 | P58: =IFERROR(VLOOKUP(TEXT(O58,"0"),CONDUCTORES!$A$3:$G$100,2,0),"") | Q58: =IFERROR(VLOOKUP(TEXT(O58,"0"),CONDUCTORES!$A$3:$H$100,6,0),"") | R58: ATENDIDO 19/06/2025 | S58: Z359-0438 | T58: APROBADO | U58: 45691 | W58: 0000108- ADENDA N°001-2025 DRSA/OEA-O.ABAST | X58: 256.0
A59: 54 | B59: 000000004 | C59: REGION | D59: HUAMAN REYNOSO ERMELINDA | E59: DNI | F59: 45250156 | G59: 45674 | H59: 4905 | I59: =IFERROR(VLOOKUP(TEXT(H59,"0"),IPRESS!$A$3:$B$212,2,0),"") -> JALCA GRANDE | J59: 4838 | K59: =IFERROR(VLOOKUP(TEXT(O59,"0"),CONDUCTORES!$A$3:$G$100,7,0),"") | L59: 18.18 | M59: 8 | N59: =IFERROR(IF(L59*M59=0,"",L59*M59),"") -> 145.44 | P59: =IFERROR(VLOOKUP(TEXT(O59,"0"),CONDUCTORES!$A$3:$G$100,2,0),"") | Q59: =IFERROR(VLOOKUP(TEXT(O59,"0"),CONDUCTORES!$A$3:$H$100,6,0),"") | R59: ATENDIDO 19/06/2025 | S59: Z359-Z368-O429 | T59: APROBADO | U59: 45691 | W59: 0000108- ADENDA N°001-2025 DRSA/OEA-O.ABAST | X59: 256.0
A60: 55 | B60: 000000005 | C60: REGION | D60: HUAMAN CRUZ MANUEL | E60: DNI | F60: 33416588 | G60: 45684 | H60: 4905 | I60: =IFERROR(VLOOKUP(TEXT(H60,"0"),IPRESS!$A$3:$B$212,2,0),"") -> JALCA GRANDE | J60: 4838 | K60: =IFERROR(VLOOKUP(TEXT(O60,"0"),CONDUCTORES!$A$3:$G$100,7,0),"") | L60: 18.18 | M60: 8 | N60: =IFERROR(IF(L60*M60=0,"",L60*M60),"") -> 145.44 | P60: =IFERROR(VLOOKUP(TEXT(O60,"0"),CONDUCTORES!$A$3:$G$100,2,0),"") | Q60: =IFERROR(VLOOKUP(TEXT(O60,"0"),CONDUCTORES!$A$3:$H$100,6,0),"") | R60: ATENDIDO 19/06/2025 | S60: J159,I639,R060 | U60: 45721 | W60: 0000108- ADENDA N°001-2025 DRSA/OEA-O.ABAST | X60: 256.0
A61: 56 | B61: 000000001 | C61: REGION | D61: EDQUEN MUÑOZ ANA CELY | E61: DNI | F61: 48403967 | G61: 45688 | H61: 4916 | I61: =IFERROR(VLOOKUP(TEXT(H61,"0"),IPRESS!$A$3:$B$212,2,0),"") -> COROSHA | J61: 4838 | K61: =IFERROR(VLOOKUP(TEXT(O61,"0"),CONDUCTORES!$A$3:$G$100,7,0),"") | L61: 18.18 | M61: 15 | N61: =IFERROR(IF(L61*M61=0,"",L61*M61),"") -> 272.7 | P61: =IFERROR(VLOOKUP(TEXT(O61,"0"),CONDUCTORES!$A$3:$G$100,2,0),"") | Q61: =IFERROR(VLOOKUP(TEXT(O61,"0"),CONDUCTORES!$A$3:$H$100,6,0),"") | R61: ATENDIDO 20/06/2025 | S61: Z359,O440,O342 | U61: 45721
A62: 57 | B62: 00000001 | C62: REGION | D62: LLATANCE ACOSTA KEILY | E62: DNI | F62: 74428497 | G62: 45688 | H62: 4955 | I62: =IFERROR(VLOOKUP(TEXT(H62,"0"),IPRESS!$A$3:$B$212,2,0),"") -> LIMABAMBA | J62: 4950 | K62: =IFERROR(VLOOKUP(TEXT(O62,"0"),CONDUCTORES!$A$3:$G$100,7,0),"") | L62: 20.25 | M62: 8 | N62: =IFERROR(IF(L62*M62=0,"",L62*M62),"") -> 162 | P62: =IFERROR(VLOOKUP(TEXT(O62,"0"),CONDUCTORES!$A$3:$G$100,2,0),"") | Q62: =IFERROR(VLOOKUP(TEXT(O62,"0"),CONDUCTORES!$A$3:$H$100,6,0),"") | R62: ATENDIDO 20/06/2025 | S62: O429 | U62: 45729
A63: 58 | B63: 00000002 | C63: REGION | D63: MEDINA ALTAMIRANO EDELITA | E63: DNI | F63: 74858358 | G63: 45661 | H63: 4874 | I63: =IFERROR(VLOOKUP(TEXT(H63,"0"),IPRESS!$A$3:$B$212,2,0),"") -> COCOCHO | J63: 4838 | K63: =IFERROR(VLOOKUP(TEXT(O63,"0"),CONDUCTORES!$A$3:$G$100,7,0),"") | L63: 18.18 | M63: 25 | N63: =IFERROR(IF(L63*M63=0,"",L63*M63),"") -> 454.5 | P63: =IFERROR(VLOOKUP(TEXT(O63,"0"),CONDUCTORES!$A$3:$G$100,2,0),"") | Q63: =IFERROR(VLOOKUP(TEXT(O63,"0"),CONDUCTORES!$A$3:$H$100,6,0),"") | R63: ATENDIDO 30/04/2025 | S63: O85X | T63: APROBADO | U63: 45705 | V63: OFICIO 1716-2025 | W63: 0000108- ADENDA N°001-2025 DRSA/OEA-O.ABAST | X63: 256.0
A64: 59 | B64: 00000008 | C64: REGION | D64: AMPUERO ROJAS MIGUEL ROQUE | E64: DNI | F64: 33797700 | G64: 45671 | H64: 4866 | I64: =IFERROR(VLOOKUP(TEXT(H64,"0"),IPRESS!$A$3:$B$212,2,0),"") -> LUYA | J64: 4838 | K64: =IFERROR(VLOOKUP(TEXT(O64,"0"),CONDUCTORES!$A$3:$G$100,7,0),"") | L64: 18.18 | M64: 4 | N64: =IFERROR(IF(L64*M64=0,"",L64*M64),"") -> 72.72 | P64: =IFERROR(VLOOKUP(TEXT(O64,"0"),CONDUCTORES!$A$3:$G$100,2,0),"") | Q64: =IFERROR(VLOOKUP(TEXT(O64,"0"),CONDUCTORES!$A$3:$H$100,6,0),"") | R64: ATENDIDO EL 05/05/2025 | S64: K922-J129 | T64: APROBADO | U64: 45698 | V64: OFICIO 1771-2025 | W64: 0000108- ADENDA N°001-2025 DRSA/OEA-O.ABAST | X64: 256.0
A65: 60 | B65: 00000009 | C65: REGION | D65: CHAPPA ROJAS ORLANDO | E65: DNI | F65: 46258008 | G65: 45676 | H65: 4866 | I65: =IFERROR(VLOOKUP(TEXT(H65,"0"),IPRESS!$A$3:$B$212,2,0),"") -> LUYA | J65: 4838 | K65: =IFERROR(VLOOKUP(TEXT(O65,"0"),CONDUCTORES!$A$3:$G$100,7,0),"") | L65: 18.18 | M65: 4 | N65: =IFERROR(IF(L65*M65=0,"",L65*M65),"") -> 72.72 | P65: =IFERROR(VLOOKUP(TEXT(O65,"0"),CONDUCTORES!$A$3:$G$100,2,0),"") | Q65: =IFERROR(VLOOKUP(TEXT(O65,"0"),CONDUCTORES!$A$3:$H$100,6,0),"") | R65: ATENDIDO EL 05/05/2025 | S65: S069 | T65: APROBADO | U65: 45698 | V65: OFICIO 1771-2025 | W65: 0000108- ADENDA N°001-2025 DRSA/OEA-O.ABAST | X65: 256.0
A66: 61 | B66: 00000010 | C66: REGION | D66: RAMIREZ YALTA LUIS | E66: DNI | F66: 33792653 | G66: 45679 | H66: 4866 | I66: =IFERROR(VLOOKUP(TEXT(H66,"0"),IPRESS!$A$3:$B$212,2,0),"") -> LUYA | J66: 4838 | K66: =IFERROR(VLOOKUP(TEXT(O66,"0"),CONDUCTORES!$A$3:$G$100,7,0),"") | L66: 18.18 | M66: 4 | N66: =IFERROR(IF(L66*M66=0,"",L66*M66),"") -> 72.72 | P66: =IFERROR(VLOOKUP(TEXT(O66,"0"),CONDUCTORES!$A$3:$G$100,2,0),"") | Q66: =IFERROR(VLOOKUP(TEXT(O66,"0"),CONDUCTORES!$A$3:$H$100,6,0),"") | R66: ATENDIDO EL 05/05/2025 | S66: J960-K703-I500 | T66: APROBADO | U66: 45698 | V66: OFICIO 1771-2025 | W66: 0000108- ADENDA N°001-2025 DRSA/OEA-O.ABAST | X66: 256.0
A67: 62 | B67: 00000011 | C67: REGION | D67: VELAYARCE SANTILLAN ROBINSON | E67: DNI | F67: 73691856 | G67: 45682 | H67: 4866 | I67: =IFERROR(VLOOKUP(TEXT(H67,"0"),IPRESS!$A$3:$B$212,2,0),"") -> LUYA | J67: 4838 | K67: =IFERROR(VLOOKUP(TEXT(O67,"0"),CONDUCTORES!$A$3:$G$100,7,0),"") | L67: 18.18 | M67: 4 | N67: =IFERROR(IF(L67*M67=0,"",L67*M67),"") -> 72.72 | P67: =IFERROR(VLOOKUP(TEXT(O67,"0"),CONDUCTORES!$A$3:$G$100,2,0),"") | Q67: =IFERROR(VLOOKUP(TEXT(O67,"0"),CONDUCTORES!$A$3:$H$100,6,0),"") | R67: ATENDIDO EL 05/05/2025 | S67: S564 | T67: APROBADO | U67: 45705 | V67: OFICIO 1771-2025 | W67: 0000108- ADENDA N°001-2025 DRSA/OEA-O.ABAST | X67: 256.0
A68: 63 | B68: 000000004 | C68: REGION | D68: GUEVARA CHAVEZ GILMA | E68: DNI | F68: 74591222 | G68: 45660 | H68: 4922 | I68: =IFERROR(VLOOKUP(TEXT(H68,"0"),IPRESS!$A$3:$B$212,2,0),"") -> PEDRO RUIZ GALLO | J68: 4838 | K68: =IFERROR(VLOOKUP(TEXT(O68,"0"),CONDUCTORES!$A$3:$G$100,7,0),"") | L68: 17.95 | M68: 6 | N68: =IFERROR(IF(L68*M68=0,"",L68*M68),"") -> 107.7 | P68: =IFERROR(VLOOKUP(TEXT(O68,"0"),CONDUCTORES!$A$3:$G$100,2,0),"") | Q68: =IFERROR(VLOOKUP(TEXT(O68,"0"),CONDUCTORES!$A$3:$H$100,6,0),"") | R68: ATENDIDO EL 11/04/2025 | S68: O601 | T68: APROBADO | U68: 45692 | V68: 1461-2025 | W68: 915-AÑO 2022 | X68: 102.0
A69: 64 | B69: 000000008 | C69: REGION | D69: HERNANDEZ DELGADO BLANCA ARACELY | E69: DNI | F69: 49080611 | G69: 45684 | H69: 4922 | I69: =IFERROR(VLOOKUP(TEXT(H69,"0"),IPRESS!$A$3:$B$212,2,0),"") -> PEDRO RUIZ GALLO | J69: 4838 | K69: =IFERROR(VLOOKUP(TEXT(O69,"0"),CONDUCTORES!$A$3:$G$100,7,0),"") | L69: 17.95 | M69: 6 | N69: =IFERROR(IF(L69*M69=0,"",L69*M69),"") -> 107.7 | P69: =IFERROR(VLOOKUP(TEXT(O69,"0"),CONDUCTORES!$A$3:$G$100,2,0),"") | Q69: =IFERROR(VLOOKUP(TEXT(O69,"0"),CONDUCTORES!$A$3:$H$100,6,0),"") | R69: ATENDIDO EL 11/04/2025 | S69: R572-A419-J159 | T69: APROBADO | U69: 45705 | V69: 1461-2025 | W69: 915-AÑO 2022 | X69: 102.0
A70: 65 | B70: 000000009 | C70: REGION | D70: GOMEZ REAP UVELINDA | E70: DNI | F70: 46013537 | G70: 45684 | H70: 4922 | I70: =IFERROR(VLOOKUP(TEXT(H70,"0"),IPRESS!$A$3:$B$212,2,0),"") -> PEDRO RUIZ GALLO | J70: 4838 | K70: =IFERROR(VLOOKUP(TEXT(O70,"0"),CONDUCTORES!$A$3:$G$100,7,0),"") | L70: 18.18 | M70: 6 | N70: =IFERROR(IF(L70*M70=0,"",L70*M70),"") -> 109.08 | P70: =IFERROR(VLOOKUP(TEXT(O70,"0"),CONDUCTORES!$A$3:$G$100,2,0),"") | Q70: =IFERROR(VLOOKUP(TEXT(O70,"0"),CONDUCTORES!$A$3:$H$100,6,0),"") | R70: ATENDIDO EL 11/04/2025 | S70: O034-D509 | T70: APROBADO | U70: 45705 | V70: 0000108-ADENDA N° 001-2025DRSA/OEA.OABAST | W70: 2025.0 | X70: 256.0
A71: 66 | B71: 000000002 | C71: REGION | D71: CHAUCA MENDOZA LUIS ELIAS | E71: DNI | F71: 62692386 | G71: 45661 | H71: 4887 | I71: =IFERROR(VLOOKUP(TEXT(H71,"0"),IPRESS!$A$3:$B$212,2,0),"") -> SANTO TOMAS | J71: 4838 | K71: =IFERROR(VLOOKUP(TEXT(O71,"0"),CONDUCTORES!$A$3:$G$100,7,0),"") | L71: 18.18 | M71: 10 | N71: =IFERROR(IF(L71*M71=0,"",L71*M71),"") -> 181.8 | P71: =IFERROR(VLOOKUP(TEXT(O71,"0"),CONDUCTORES!$A$3:$G$100,2,0),"") | Q71: =IFERROR(VLOOKUP(TEXT(O71,"0"),CONDUCTORES!$A$3:$H$100,6,0),"") | R71: ATENDIDO EL 14/01/2025 | S71: S818-L039-K603 | T71: APROBADO | U71: 45671 | V71: 0026-2025 | W71: 539-2024 | X71: 163.0
A72: 67 | B72: 000000003 | C72: REGION | D72: TRUJILLO GOMEZ JUSTINA | E72: DNI | F72: 33805880 | G72: 45663 | H72: 4887 | I72: =IFERROR(VLOOKUP(TEXT(H72,"0"),IPRESS!$A$3:$B$212,2,0),"") -> SANTO TOMAS | J72: 4838 | K72: =IFERROR(VLOOKUP(TEXT(O72,"0"),CONDUCTORES!$A$3:$G$100,7,0),"") | L72: 18.18 | M72: 10 | N72: =IFERROR(IF(L72*M72=0,"",L72*M72),"") -> 181.8 | P72: =IFERROR(VLOOKUP(TEXT(O72,"0"),CONDUCTORES!$A$3:$G$100,2,0),"") | Q72: =IFERROR(VLOOKUP(TEXT(O72,"0"),CONDUCTORES!$A$3:$H$100,6,0),"") | R72: ATENDIDO EL 14/01/2025 | S72: K922 | T72: APROBADO | U72: 45671 | V72: 0026-2025 | W72: 539-2024 | X72: 163.0
A73: 68 | B73: 000000030 | C73: REGION | D73: CRUZ ZAGACETA LUIS ENRIQUE | E73: DNI | F73: 46403545 | G73: 45661 | H73: 4903 | I73: =IFERROR(VLOOKUP(TEXT(H73,"0"),IPRESS!$A$3:$B$212,2,0),"") -> TINGO | J73: 4838 | K73: =IFERROR(VLOOKUP(TEXT(O73,"0"),CONDUCTORES!$A$3:$G$100,7,0),"") | L73: 18.18 | M73: 5 | N73: =IFERROR(IF(L73*M73=0,"",L73*M73),"") -> 90.9 | P73: =IFERROR(VLOOKUP(TEXT(O73,"0"),CONDUCTORES!$A$3:$G$100,2,0),"") | Q73: =IFERROR(VLOOKUP(TEXT(O73,"0"),CONDUCTORES!$A$3:$H$100,6,0),"") | R73: ATENDIDO EL 14/01/2025 | S73: K297-R101-K85 | T73: APROBADO | U73: 45671 | V73: 0025-2025 | W73: 539-2024 | X73: 163.0
A74: 69 | B74: 000000031 | C74: REGION | D74: VELA VILLANUEVA YESSICA | E74: DNI | F74: 62002491 | G74: 45663 | H74: 4903 | I74: =IFERROR(VLOOKUP(TEXT(H74,"0"),IPRESS!$A$3:$B$212,2,0),"") -> TINGO | J74: 4838 | K74: =IFERROR(VLOOKUP(TEXT(O74,"0"),CONDUCTORES!$A$3:$G$100,7,0),"") | L74: 18.18 | M74: 5 | N74: =IFERROR(IF(L74*M74=0,"",L74*M74),"") -> 90.9 | P74: =IFERROR(VLOOKUP(TEXT(O74,"0"),CONDUCTORES!$A$3:$G$100,2,0),"") | Q74: =IFERROR(VLOOKUP(TEXT(O74,"0"),CONDUCTORES!$A$3:$H$100,6,0),"") | R74: ATENDIDO EL 14/01/2025 | S74: R100-K359 | T74: APROBADO | U74: 45671 | V74: 0025-2025 | W74: 539-2024 | X74: 163.0
... A96: 91 | B96: 000000004 | C96: REGION | D96: PEREZ GUEVARA NELVA ARACELI | E96: DNI | F96: 61675206 | G96: 45676 | H96: 4932 | I96: =IFERROR(VLOOKUP(TEXT(H96,"0"),IPRESS!$A$3:$B$212,2,0),"") -> POMACOCHAS | J96: 4838 | K96: =IFERROR(VLOOKUP(TEXT(O96,"0"),CONDUCTORES!$A$3:$G$100,7,0),"") | L96: 18.18 | M96: 8 | N96: =IFERROR(IF(L96*M96=0,"",L96*M96),"") -> 145.44 | P96: =IFERROR(VLOOKUP(TEXT(O96,"0"),CONDUCTORES!$A$3:$G$100,2,0),"") | Q96: =IFERROR(VLOOKUP(TEXT(O96,"0"),CONDUCTORES!$A$3:$H$100,6,0),"") | R96: ATENDIDO EL 27/01/2025 | S96: Z359-O639 | T96: APROBADO | U96: 45684 | V96: 0045-2025 | W96: 539-2024 | X96: 163.0
A97: 92 | B97: 000000001 | C97: REGION | D97: RITUAY MORI MADELEYNE | E97: DNI | F97: 61670354 | G97: 45672 | H97: 4888 | I97: =IFERROR(VLOOKUP(TEXT(H97,"0"),IPRESS!$A$3:$B$212,2,0),"") -> SAN SALVADOR | J97: 4838 | K97: =IFERROR(VLOOKUP(TEXT(O97,"0"),CONDUCTORES!$A$3:$G$100,7,0),"") | L97: 18.18 | M97: 10 | N97: =IFERROR(IF(L97*M97=0,"",L97*M97),"") -> 181.8 | P97: =IFERROR(VLOOKUP(TEXT(O97,"0"),CONDUCTORES!$A$3:$G$100,2,0),"") | Q97: =IFERROR(VLOOKUP(TEXT(O97,"0"),CONDUCTORES!$A$3:$H$100,6,0),"") | R97: ATENDIDO EL 27/01/2025 | T97: APROBADO | U97: 45684 | V97: 0043-2025 | W97: 539-2024 | X97: 163.0
A98: 93 | B98: 000000005 | C98: REGION | D98: YNGA MAS JHISELA | E98: DNI | F98: 72803478 | G98: 45666 | H98: 4887 | I98: =IFERROR(VLOOKUP(TEXT(H98,"0"),IPRESS!$A$3:$B$212,2,0),"") -> SANTO TOMAS | J98: 4838 | K98: =IFERROR(VLOOKUP(TEXT(O98,"0"),CONDUCTORES!$A$3:$G$100,7,0),"") | L98: 18.18 | M98: 10 | N98: =IFERROR(IF(L98*M98=0,"",L98*M98),"") -> 181.8 | P98: =IFERROR(VLOOKUP(TEXT(O98,"0"),CONDUCTORES!$A$3:$G$100,2,0),"") | Q98: =IFERROR(VLOOKUP(TEXT(O98,"0"),CONDUCTORES!$A$3:$H$100,6,0),"") | R98: ATENDIDO EL 27/01/2025 | T98: APROBADO | U98: 45684 | V98: 0043-2025 | W98: 539-2024 | X98: 163.0
A99: 94 | B99: 00000022 | C99: REGION | D99: ACOSTA GRANDEZ JOSELITO | E99: DNI | F99: 43755881 | G99: 45673 | H99: 4950 | I99: =IFERROR(VLOOKUP(TEXT(H99,"0"),IPRESS!$A$3:$B$212,2,0),"") -> MARIA AUXILIADORA | J99: 4838 | K99: =IFERROR(VLOOKUP(TEXT(O99,"0"),CONDUCTORES!$A$3:$G$100,7,0),"") | L99: 20.25 | M99: 7 | N99: =IFERROR(IF(L99*M99=0,"",L99*M99),"") -> 141.75 | P99: =IFERROR(VLOOKUP(TEXT(O99,"0"),CONDUCTORES!$A$3:$G$100,2,0),"") | Q99: =IFERROR(VLOOKUP(TEXT(O99,"0"),CONDUCTORES!$A$3:$H$100,6,0),"") | R99: ATENDIDO EL 28/01/2025 | S99: T793 | T99: APROBADO | U99: 45698 | V99: 0046-2025 | W99: 438-2024 | X99: 91.0
A100: 95 | B100: 00000023 | C100: REGION | D100: NOVOA TAFUR EDITHA CONSUELO | E100: DNI | F100: 33951427 | G100: 45676 | H100: 4950 | I100: =IFERROR(VLOOKUP(TEXT(H100,"0"),IPRESS!$A$3:$B$212,2,0),"") -> MARIA AUXILIADORA | J100: 4838 | K100: =IFERROR(VLOOKUP(TEXT(O100,"0"),CONDUCTORES!$A$3:$G$100,7,0),"") | L100: 20.25 | M100: 7 | N100: =IFERROR(IF(L100*M100=0,"",L100*M100),"") -> 141.75 | P100: =IFERROR(VLOOKUP(TEXT(O100,"0"),CONDUCTORES!$A$3:$G$100,2,0),"") | Q100: =IFERROR(VLOOKUP(TEXT(O100,"0"),CONDUCTORES!$A$3:$H$100,6,0),"") | R100: ATENDIDO EL 28/01/2025 | S100: J961-I500 | T100: APROBADO | U100: 45698 | V100: 0046-2025 | W100: 438-2024 | X100: 91.0
A101: 96 | B101: 000000001 | C101: REGION | D101: CULQUI CAJA KELLY LLEZENIA | E101: DNI | F101: 60708292 | G101: 45667 | H101: 4905 | I101: =IFERROR(VLOOKUP(TEXT(H101,"0"),IPRESS!$A$3:$B$212,2,0),"") -> JALCA GRANDE | J101: 4838 | K101: =IFERROR(VLOOKUP(TEXT(O101,"0"),CONDUCTORES!$A$3:$G$100,7,0),"") | L101: 18.18 | M101: 8 | N101: =IFERROR(IF(L101*M101=0,"",L101*M101),"") -> 145.44 | P101: =IFERROR(VLOOKUP(TEXT(O101,"0"),CONDUCTORES!$A$3:$G$100,2,0),"") | Q101: =IFERROR(VLOOKUP(TEXT(O101,"0"),CONDUCTORES!$A$3:$H$100,6,0),"") | R101: ATENDIDO EL 28/01/2025 | S101: Z359 | T101: APROBADO | U101: ATENDIDO EL 28/01/2025 | V101: 0050-2025 | W101: 539-2024 | X101: 163.0
A102: 97 | B102: 000000002 | C102: REGION | D102: CULQUI CHOCTALIN KELLY | E102: DNI | F102: 47266742 | G102: 45668 | H102: 4905 | I102: =IFERROR(VLOOKUP(TEXT(H102,"0"),IPRESS!$A$3:$B$212,2,0),"") -> JALCA GRANDE | J102: 4838 | K102: =IFERROR(VLOOKUP(TEXT(O102,"0"),CONDUCTORES!$A$3:$G$100,7,0),"") | L102: 18.18 | M102: 8 | N102: =IFERROR(IF(L102*M102=0,"",L102*M102),"") -> 145.44 | P102: =IFERROR(VLOOKUP(TEXT(O102,"0"),CONDUCTORES!$A$3:$G$100,2,0),"") | Q102: =IFERROR(VLOOKUP(TEXT(O102,"0"),CONDUCTORES!$A$3:$H$100,6,0),"") | R102: ATENDIDO EL 28/01/2025 | S102: N939 | T102: APROBADO | U102: ATENDIDO EL 28/01/2025 | V102: 0050-2025 | W102: 539-2024 | X102: 163.0
A103: 98 | B103: 000000006 | C103: REGION | D103: SANTILLAN CHAVEZ MICHAEL ELEODOR | E103: DNI | F103: 43153211 | G103: 45663 | H103: 4866 | I103: =IFERROR(VLOOKUP(TEXT(H103,"0"),IPRESS!$A$3:$B$212,2,0),"") -> LUYA | J103: 4838 | K103: =IFERROR(VLOOKUP(TEXT(O103,"0"),CONDUCTORES!$A$3:$G$100,7,0),"") | L103: 18.18 | M103: 4 | N103: =IFERROR(IF(L103*M103=0,"",L103*M103),"") -> 72.72 | P103: =IFERROR(VLOOKUP(TEXT(O103,"0"),CONDUCTORES!$A$3:$G$100,2,0),"") | Q103: =IFERROR(VLOOKUP(TEXT(O103,"0"),CONDUCTORES!$A$3:$H$100,6,0),"") | R103: ATENDIDO EL 28/01/2025 | S103: J960-R18X-K920 | T103: APROBADO | U103: ATENDIDO EL 28/01/2025 | V103: 0054-2025 | W103: 539-2024 | X103: 163.0
A104: 99 | B104: 000000005 | C104: REGION | D104: CHAVEZ HERRERA LEONIDAS | E104: DNI | F104: 33791266 | G104: 45659 | H104: 4866 | I104: =IFERROR(VLOOKUP(TEXT(H104,"0"),IPRESS!$A$3:$B$212,2,0),"") -> LUYA | J104: 4838 | K104: =IFERROR(VLOOKUP(TEXT(O104,"0"),CONDUCTORES!$A$3:$G$100,7,0),"") | L104: 18.18 | M104: 4 | N104: =IFERROR(IF(L104*M104=0,"",L104*M104),"") -> 72.72 | P104: =IFERROR(VLOOKUP(TEXT(O104,"0"),CONDUCTORES!$A$3:$G$100,2,0),"") | Q104: =IFERROR(VLOOKUP(TEXT(O104,"0"),CONDUCTORES!$A$3:$H$100,6,0),"") | R104: ATENDIDO EL 28/01/2025 | S104: R100-N324 | T104: APROBADO | U104: ATENDIDO EL 28/01/2025 | V104: 0054-2025 | W104: 539-2024 | X104: 163.0
A105: 100 | B105: 000000007 | C105: REGION | D105: CHAPPA CHUQUIZUTA KELY MERCEDES | E105: DNI | F105: 73474762 | G105: 45672 | H105: 4866 | I105: =IFERROR(VLOOKUP(TEXT(H105,"0"),IPRESS!$A$3:$B$212,2,0),"") -> LUYA | J105: 4838 | K105: =IFERROR(VLOOKUP(TEXT(O105,"0"),CONDUCTORES!$A$3:$G$100,7,0),"") | L105: 18.18 | M105: 4 | N105: =IFERROR(IF(L105*M105=0,"",L105*M105),"") -> 72.72 | P105: =IFERROR(VLOOKUP(TEXT(O105,"0"),CONDUCTORES!$A$3:$G$100,2,0),"") | Q105: =IFERROR(VLOOKUP(TEXT(O105,"0"),CONDUCTORES!$A$3:$H$100,6,0),"") | R105: ATENDIDO EL 28/01/2025 | S105: O342 | T105: APROBADO | U105: ATENDIDO EL 28/01/2025 | V105: 0054-2025 | W105: 539-2024 | X105: 163.0
A106: 101 | B106: 000000001 | C106: REGION | D106: MAS GASLAC EINER | E106: DNI | F106: 76827194 | G106: 45664 | H106: 4869 | I106: =IFERROR(VLOOKUP(TEXT(H106,"0"),IPRESS!$A$3:$B$212,2,0),"") -> MOLINOPAMPA | J106: 4838 | K106: =IFERROR(VLOOKUP(TEXT(O106,"0"),CONDUCTORES!$A$3:$G$100,7,0),"") | L106: 18.18 | M106: 8 | N106: =IFERROR(IF(L106*M106=0,"",L106*M106),"") -> 145.44 | P106: =IFERROR(VLOOKUP(TEXT(O106,"0"),CONDUCTORES!$A$3:$G$100,2,0),"") | Q106: =IFERROR(VLOOKUP(TEXT(O106,"0"),CONDUCTORES!$A$3:$H$100,6,0),"") | R106: ATENDIDO EL 28/01/2025 | S106: S680 | T106: APROBADO | U106: ATENDIDO EL 28/01/2025 | V106: 0051-2025 | W106: 539-2024 | X106: 6.0
A107: 102 | B107: 000000002 | C107: REGION | D107: YANA BRICEÑO SILVIA | E107: DNI | F107: 73731630 | G107: 45671 | H107: 4922 | I107: =IFERROR(VLOOKUP(TEXT(H107,"0"),IPRESS!$A$3:$B$212,2,0),"") -> PEDRO RUIZ GALLO | J107: 4838 | K107: =IFERROR(VLOOKUP(TEXT(O107,"0"),CONDUCTORES!$A$3:$G$100,7,0),"") | L107: 17.95 | M107: 6 | N107: =IFERROR(IF(L107*M107=0,"",L107*M107),"") -> 107.7 | P107: =IFERROR(VLOOKUP(TEXT(O107,"0"),CONDUCTORES!$A$3:$G$100,2,0),"") | Q107: =IFERROR(VLOOKUP(TEXT(O107,"0"),CONDUCTORES!$A$3:$H$100,6,0),"") | R107: ATENDIDO EL 28/01/2025 | S107: R104-K37X | T107: APROBADO | U107: ATENDIDO EL 28/01/2025 | V107: 0053-2025 | W107: 539-2024 | X107: 6.0
A108: 103 | B108: 000000001 | C108: REGION | D108: GALVEZ IZQUIERDO RN | E108: DNI | F108: 10959416 | G108: 45662 | H108: 4932 | I108: =IFERROR(VLOOKUP(TEXT(H108,"0"),IPRESS!$A$3:$B$212,2,0),"") -> POMACOCHAS | J108: 4838 | K108: =IFERROR(VLOOKUP(TEXT(O108,"0"),CONDUCTORES!$A$3:$G$100,7,0),"") | L108: 18.18 | M108: 8 | N108: =IFERROR(IF(L108*M108=0,"",L108*M108),"") -> 145.44 | P108: =IFERROR(VLOOKUP(TEXT(O108,"0"),CONDUCTORES!$A$3:$G$100,2,0),"") | Q108: =IFERROR(VLOOKUP(TEXT(O108,"0"),CONDUCTORES!$A$3:$H$100,6,0),"") | R108: ATENDIDO EL 28/01/2025 | S108: P073-P050 | T108: APROBADO | U108: ATENDIDO EL 28/01/2025 | V108: 0049-2025 | W108: 539-2024 | X108: 163.0
A109: 104 | B109: 000000002 | C109: REGION | D109: BAZAN GUEVARA ELISABET | E109: DNI | F109: 46977938 | G109: 45667 | H109: 4932 | I109: =IFERROR(VLOOKUP(TEXT(H109,"0"),IPRESS!$A$3:$B$212,2,0),"") -> POMACOCHAS | J109: 4838 | K109: =IFERROR(VLOOKUP(TEXT(O109,"0"),CONDUCTORES!$A$3:$G$100,7,0),"") | L109: 18.18 | M109: 8 | N109: =IFERROR(IF(L109*M109=0,"",L109*M109),"") -> 145.44 | P109: =IFERROR(VLOOKUP(TEXT(O109,"0"),CONDUCTORES!$A$3:$G$100,2,0),"") | Q109: =IFERROR(VLOOKUP(TEXT(O109,"0"),CONDUCTORES!$A$3:$H$100,6,0),"") | R109: ATENDIDO EL 28/01/2025 | S109: O48X | T109: APROBADO | U109: ATENDIDO EL 28/01/2025 | V109: 0049-2025 | W109: 539-2024 | X109: 163.0
A110: 105 | B110: 000000004 | C110: REGION | D110: TENORIO PUELLES YAHAIRA | E110: DNI | F110: 74431770 | G110: 45671 | H110: 4887 | I110: =IFERROR(VLOOKUP(TEXT(H110,"0"),IPRESS!$A$3:$B$212,2,0),"") -> SANTO TOMAS | J110: 4838 | K110: =IFERROR(VLOOKUP(TEXT(O110,"0"),CONDUCTORES!$A$3:$G$100,7,0),"") | L110: 18.18 | M110: 10 | N110: =IFERROR(IF(L110*M110=0,"",L110*M110),"") -> 181.8 | P110: =IFERROR(VLOOKUP(TEXT(O110,"0"),CONDUCTORES!$A$3:$G$100,2,0),"") | Q110: =IFERROR(VLOOKUP(TEXT(O110,"0"),CONDUCTORES!$A$3:$H$100,6,0),"") | R110: ATENDIDO EL 28/01/2025 | S110: Z359-O628 | T110: APROBADO | U110: ATENDIDO EL 28/01/2025 | V110: 0052-2025 | W110: 539-2024 | X110: 163.0
A111: 106 | B111: 000009005 | C111: REGION | D111: ACOSTA GRANDEZ JOSELITO | E111: DNI | F111: 43755881 | G111: 45668 | H111: 4954 | I111: =IFERROR(VLOOKUP(TEXT(H111,"0"),IPRESS!$A$3:$B$212,2,0),"") -> ZARUMILLA | J111: 4950 | K111: =IFERROR(VLOOKUP(TEXT(O111,"0"),CONDUCTORES!$A$3:$G$100,7,0),"") | L111: 18.18 | M111: 6 | N111: =IFERROR(IF(L111*M111=0,"",L111*M111),"") -> 109.08 | P111: =IFERROR(VLOOKUP(TEXT(O111,"0"),CONDUCTORES!$A$3:$G$100,2,0),"") | Q111: =IFERROR(VLOOKUP(TEXT(O111,"0"),CONDUCTORES!$A$3:$H$100,6,0),"") | R111: ATENDIDO EL 28/01/2025 | S111: T141 | T111: APROBADO | U111: ATENDIDO EL 28/01/2025 | V111: 0048-2025 | W111: 438-2024 | X111: 91.0
I112: =IFERROR(VLOOKUP(TEXT(H112,"0"),IPRESS!$A$3:$B$212,2,0),"") | K112: =IFERROR(VLOOKUP(TEXT(O112,"0"),CONDUCTORES!$A$3:$G$54,7,0),"") | N112: =IFERROR(IF(L112*M112=0,"",L112*M112),"") | P112: =IFERROR(VLOOKUP(TEXT(O112,"0"),CONDUCTORES!$A$3:$G$54,2,0),"") | Q112: =IFERROR(VLOOKUP(TEXT(O112,"0"),CONDUCTORES!$A$3:$H$54,6,0),"")
A113: SUBTOTAL (cambia al filtrar por EESS) → | M113: =SUBTOTAL(9,M4:M111) -> 850 | N113: =SUBTOTAL(9,N4:N111) -> 15784.2 | P113: =IFERROR(VLOOKUP(TEXT(O113,"0"),CONDUCTORES!$A$3:$G$100,2,0),"") | Q113: =IFERROR(VLOOKUP(TEXT(O113,"0"),CONDUCTORES!$A$3:$H$100,6,0),"")
I118: =IFERROR(VLOOKUP(TEXT(H118,"0"),IPRESS!$A$3:$B$212,2,0),"") | K118: =IFERROR(VLOOKUP(TEXT(O118,"0"),CONDUCTORES!$A$3:$G$54,7,0),"") | N118: =IFERROR(IF(L118*M118=0,"",L118*M118),"") | P118: =IFERROR(VLOOKUP(TEXT(O118,"0"),CONDUCTORES!$A$3:$G$54,2,0),"") | Q118: =IFERROR(VLOOKUP(TEXT(O118,"0"),CONDUCTORES!$A$3:$H$54,6,0),"")
I119: =IFERROR(VLOOKUP(TEXT(H119,"0"),IPRESS!$A$3:$B$212,2,0),"") | K119: =IFERROR(VLOOKUP(TEXT(O119,"0"),CONDUCTORES!$A$3:$G$54,7,0),"") | N119: =IFERROR(IF(L119*M119=0,"",L119*M119),"") | P119: =IFERROR(VLOOKUP(TEXT(O119,"0"),CONDUCTORES!$A$3:$G$54,2,0),"") | Q119: =IFERROR(VLOOKUP(TEXT(O119,"0"),CONDUCTORES!$A$3:$H$54,6,0),"")
I120: =IFERROR(VLOOKUP(TEXT(H120,"0"),IPRESS!$A$3:$B$212,2,0),"") | K120: =IFERROR(VLOOKUP(TEXT(O120,"0"),CONDUCTORES!$A$3:$G$54,7,0),"") | N120: =IFERROR(IF(L120*M120=0,"",L120*M120),"") | P120: =IFERROR(VLOOKUP(TEXT(O120,"0"),CONDUCTORES!$A$3:$G$54,2,0),"") | Q120: =IFERROR(VLOOKUP(TEXT(O120,"0"),CONDUCTORES!$A$3:$H$54,6,0),"")
I121: =IFERROR(VLOOKUP(TEXT(H121,"0"),IPRESS!$A$3:$B$212,2,0),"") | K121: =IFERROR(VLOOKUP(TEXT(O121,"0"),CONDUCTORES!$A$3:$G$54,7,0),"") | N121: =IFERROR(IF(L121*M121=0,"",L121*M121),"") | P121: =IFERROR(VLOOKUP(TEXT(O121,"0"),CONDUCTORES!$A$3:$G$54,2,0),"") | Q121: =IFERROR(VLOOKUP(TEXT(O121,"0"),CONDUCTORES!$A$3:$H$54,6,0),"")
I122: =IFERROR(VLOOKUP(TEXT(H122,"0"),IPRESS!$A$3:$B$212,2,0),"") | K122: =IFERROR(VLOOKUP(TEXT(O122,"0"),CONDUCTORES!$A$3:$G$54,7,0),"") | N122: =IFERROR(IF(L122*M122=0,"",L122*M122),"") | P122: =IFERROR(VLOOKUP(TEXT(O122,"0"),CONDUCTORES!$A$3:$G$54,2,0),"") | Q122: =IFERROR(VLOOKUP(TEXT(O122,"0"),CONDUCTORES!$A$3:$H$54,6,0),"")
I123: =IFERROR(VLOOKUP(TEXT(H123,"0"),IPRESS!$A$3:$B$212,2,0),"") | K123: =IFERROR(VLOOKUP(TEXT(O123,"0"),CONDUCTORES!$A$3:$G$54,7,0),"") | N123: =IFERROR(IF(L123*M123=0,"",L123*M123),"") | P123: =IFERROR(VLOOKUP(TEXT(O123,"0"),CONDUCTORES!$A$3:$G$54,2,0),"") | Q123: =IFERROR(VLOOKUP(TEXT(O123,"0"),CONDUCTORES!$A$3:$H$54,6,0),"")
I124: =IFERROR(VLOOKUP(TEXT(H124,"0"),IPRESS!$A$3:$B$212,2,0),"") | K124: =IFERROR(VLOOKUP(TEXT(O124,"0"),CONDUCTORES!$A$3:$G$54,7,0),"") | N124: =IFERROR(IF(L124*M124=0,"",L124*M124),"") | P124: =IFERROR(VLOOKUP(TEXT(O124,"0"),CONDUCTORES!$A$3:$G$54,2,0),"") | Q124: =IFERROR(VLOOKUP(TEXT(O124,"0"),CONDUCTORES!$A$3:$H$54,6,0),"")
I125: =IFERROR(VLOOKUP(TEXT(H125,"0"),IPRESS!$A$3:$B$212,2,0),"") | K125: =IFERROR(VLOOKUP(TEXT(O125,"0"),CONDUCTORES!$A$3:$G$54,7,0),"") | N125: =IFERROR(IF(L125*M125=0,"",L125*M125),"") | P125: =IFERROR(VLOOKUP(TEXT(O125,"0"),CONDUCTORES!$A$3:$G$54,2,0),"") | Q125: =IFERROR(VLOOKUP(TEXT(O125,"0"),CONDUCTORES!$A$3:$H$54,6,0),"")
...

Sheet FEBRERO 2025
A1: REPORTE DE TRASLADO DE PACIENTES SIS DEL MES DE FEBRERO 2025 PARA REPOSICION DE COMBUSTIBLE
A2: TOTAL PETROLEO (gal): | D2: =IFERROR(SUMPRODUCT((K4:K102="PETROLEO")*ISNUMBER(M4:M102)*M4:M102),0) -> 0 | G2: TOTAL GASOLINA (gal): | J2: =IFERROR(SUMPRODUCT((K4:K102="GASOLINA")*ISNUMBER(M4:M102)*M4:M102),0) -> 0 | M2: TOTAL SOLES S/.: | P2: =IFERROR(SUMPRODUCT(ISNUMBER(M4:M102)*L4:L102*M4:M102),0) -> 0 | S2: N TRASLADOS: | U2: =SUBTOTAL(2,A4:A102) -> 95 | W2: ↑ Al filtrar por EESS los totales cambian automáticamente
Y3: DEVOLVER A (IPRESS DESTINO)
A4: COLUMNAS EN AZUL = AUTO (no editar) | Ingrese: N, NRO FORMATO, AFILIADO, TIPO DOC, NRO DOC, FECHA TRASLADO, COD RENAES, COD REFERENCIA, DNI CONDUCTOR, PRECIO GAL, GALONES, FECHA ENTREGA, CIE-10, ESTADO FUA, FECHA DIGITACION, OFICIO, O/C, META, OBSERVACION
A5: N | B5: NRO FORMATO ATENCION | C5: UNIDAD EJECUTORA | D5: AFILIADO | E5: TIPO DOC | F5: NRO DOCUMENTO | G5: FECHA TRASLADO | H5: COD RENAES | I5: DESCRIPCION EESS | J5: COD EESS REFERENCIA | K5: TIPO DE COMBUSTIBLE | L5: PRECIO GAL S/. | M5: GALONES | N5: TOTAL COMBUSTIBLE S/. | O5: DNI CONDUCTOR | P5: =IFERROR(VLOOKUP(TEXT(O5,"0"),CONDUCTORES!$A$3:$G$100,2,0),"") | Q5: =IFERROR(VLOOKUP(TEXT(O5,"0"),CONDUCTORES!$A$3:$H$100,6,0),"") | R5: FECHA DE ENTREGA | S5: CODIGO DE DIAGNOSTICO | T5: ESTADO FUA | U5: FECHA DIGITACION | V5: OFICIO | W5: O/C | X5: META | Y5: OBSERVACION
A6: 1 | B6: 00000001 | C6: REGION | D6: CRUZ DEZA NELSA LIZET | E6: DNI | F6: 62126640 | G6: 45696 | H6: 4937 | I6: =IFERROR(VLOOKUP(TEXT(H6,"0"),IPRESS!$A$3:$B$212,2,0),"") -> BUENOS AIRES | J6: 4932 | K6: =IFERROR(VLOOKUP(TEXT(O6,"0"),CONDUCTORES!$A$3:$G$100,7,0),"") | L6: 17.95 | M6: 5 | N6: =IFERROR(IF(L6*M6=0,"",L6*M6),"") -> 89.75 | P6: =IFERROR(VLOOKUP(TEXT(O6,"0"),CONDUCTORES!$A$3:$G$100,2,0),"") | Q6: =IFERROR(VLOOKUP(TEXT(O6,"0"),CONDUCTORES!$A$3:$H$100,6,0),"") | R6: ATENDIDO 22/04/2025 | S6: A09X,Z359 | U6: 45728 | V6: 1614-2025 | W6: 0000108- ADENDA N°001-2025 DRSA/OEA-O.ABAST | X6: 251.0
A7: 2 | B7: 00000002 | C7: REGION | D7: RODRIGUEZ TICLLA LUZ THALIA | E7: DNI | F7: 76738971 | G7: 45707 | H7: 4937 | I7: =IFERROR(VLOOKUP(TEXT(H7,"0"),IPRESS!$A$3:$B$212,2,0),"") -> BUENOS AIRES | J7: 4932 | K7: =IFERROR(VLOOKUP(TEXT(O7,"0"),CONDUCTORES!$A$3:$G$100,7,0),"") | L7: 17.95 | M7: 5 | N7: =IFERROR(IF(L7*M7=0,"",L7*M7),"") -> 89.75 | P7: =IFERROR(VLOOKUP(TEXT(O7,"0"),CONDUCTORES!$A$3:$G$100,2,0),"") | Q7: =IFERROR(VLOOKUP(TEXT(O7,"0"),CONDUCTORES!$A$3:$H$100,6,0),"") | R7: ATENDIDO 22/04/2025 | S7: O623 | U7: 45727 | V7: 1614-2025 | W7: 0000108- ADENDA N°001-2025 DRSA/OEA-O.ABAST | X7: 251.0
A8: 3 | B8: 00000009 | C8: REGION | D8: CAYAO CASAS ELSA MARILU | E8: DNI | F8: 60322673 | G8: 45715 | H8: 4937 | I8: =IFERROR(VLOOKUP(TEXT(H8,"0"),IPRESS!$A$3:$B$212,2,0),"") -> BUENOS AIRES | J8: 4932 | K8: =IFERROR(VLOOKUP(TEXT(O8,"0"),CONDUCTORES!$A$3:$G$100,7,0),"") | L8: 17.95 | M8: 5 | N8: =IFERROR(IF(L8*M8=0,"",L8*M8),"") -> 89.75 | P8: =IFERROR(VLOOKUP(TEXT(O8,"0"),CONDUCTORES!$A$3:$G$100,2,0),"") | Q8: =IFERROR(VLOOKUP(TEXT(O8,"0"),CONDUCTORES!$A$3:$H$100,6,0),"") | R8: ATENDIDO 22/04/2025 | S8: Z359,O479,O234 | U8: 45737 | V8: 1614-2025 | W8: 0000108- ADENDA N°001-2025 DRSA/OEA-O.ABAST | X8: 251.0
A9: 4 | B9: 00000010 | C9: REGION | D9: BUSTAMANTE DE PEREZ EUFEMIA | E9: DNI | F9: 27062680 | G9: 45716 | H9: 4937 | I9: =IFERROR(VLOOKUP(TEXT(H9,"0"),IPRESS!$A$3:$B$212,2,0),"") -> BUENOS AIRES | J9: 4932 | K9: =IFERROR(VLOOKUP(TEXT(O9,"0"),CONDUCTORES!$A$3:$G$100,7,0),"") | L9: 17.95 | M9: 5 | N9: =IFERROR(IF(L9*M9=0,"",L9*M9),"") -> 89.75 | P9: =IFERROR(VLOOKUP(TEXT(O9,"0"),CONDUCTORES!$A$3:$G$100,2,0),"") | Q9: =IFERROR(VLOOKUP(TEXT(O9,"0"),CONDUCTORES!$A$3:$H$100,6,0),"") | R9: ATENDIDO 22/04/2025 | S9: K539 | U9: 45737 | V9: 1614-2025 | W9: 0000108- ADENDA N°001-2025 DRSA/OEA-O.ABAST | X9: 251.0
A10: 5 | B10: 00000011 | C10: REGION | D10: CHAVEZ LOPEZ JAMIL DAVILMAR | E10: DNI | F10: 60322670 | G10: 45716 | H10: 4937 | I10: =IFERROR(VLOOKUP(TEXT(H10,"0"),IPRESS!$A$3:$B$212,2,0),"") -> BUENOS AIRES | J10: 4932 | K10: =IFERROR(VLOOKUP(TEXT(O10,"0"),CONDUCTORES!$A$3:$G$100,7,0),"") | L10: 17.95 | M10: 5 | N10: =IFERROR(IF(L10*M10=0,"",L10*M10),"") -> 89.75 | P10: =IFERROR(VLOOKUP(TEXT(O10,"0"),CONDUCTORES!$A$3:$G$100,2,0),"") | Q10: =IFERROR(VLOOKUP(TEXT(O10,"0"),CONDUCTORES!$A$3:$H$100,6,0),"") | R10: ATENDIDO 22/04/2025 | S10: K359 | U10: 45737 | V10: 1614-2025 | W10: 0000108- ADENDA N°001-2025 DRSA/OEA-O.ABAST | X10: 251.0
A11: 6 | B11: 00000016 | C11: REGION | D11: HUAMAN LUMBA ERIKA JHUMERI | E11: DNI | F11: 61575071 | G11: 45715 | H11: 4873 | I11: =IFERROR(VLOOKUP(TEXT(H11,"0"),IPRESS!$A$3:$B$212,2,0),"") -> CAMPORREDONDO | J11: 4838 | K11: =IFERROR(VLOOKUP(TEXT(O11,"0"),CONDUCTORES!$A$3:$G$100,7,0),"") | L11: 18.18 | M11: 20 | N11: =IFERROR(IF(L11*M11=0,"",L11*M11),"") -> 363.6 | P11: =IFERROR(VLOOKUP(TEXT(O11,"0"),CONDUCTORES!$A$3:$G$100,2,0),"") | Q11: =IFERROR(VLOOKUP(TEXT(O11,"0"),CONDUCTORES!$A$3:$H$100,6,0),"") | R11: ATENDIDO 23/05/2025 | S11: O366 | U11: 45749
A12: 7 | B12: 00000013 | C12: REGION | D12: AGUILAR VISALOT ROSIO | E12: DNI | F12: 45809943 | G12: 45712 | H12: 4873 | I12: =IFERROR(VLOOKUP(TEXT(H12,"0"),IPRESS!$A$3:$B$212,2,0),"") -> CAMPORREDONDO | J12: 4838 | K12: =IFERROR(VLOOKUP(TEXT(O12,"0"),CONDUCTORES!$A$3:$G$100,7,0),"") | L12: 18.18 | M12: 20 | N12: =IFERROR(IF(L12*M12=0,"",L12*M12),"") -> 363.6 | P12: =IFERROR(VLOOKUP(TEXT(O12,"0"),CONDUCTORES!$A$3:$G$100,2,0),"") | Q12: =IFERROR(VLOOKUP(TEXT(O12,"0"),CONDUCTORES!$A$3:$H$100,6,0),"") | R12: ATENDIDO 10-04-2025 | S12: O342,O345 | U12: 45744 | V12: 0000108-ADENDA N° 001-2025DRSA/OEA.OABAST | W12: 0000108- ADENDA N°001-2025 DRSA/OEA-O.ABAST | X12: 256.0
A13: 8 | B13: 00000015 | C13: REGION | D13: FUNTES COLVAQUE ELIZABETH | E13: DNI | F13: 74858371 | G13: 45709 | H13: 4873 | I13: =IFERROR(VLOOKUP(TEXT(H13,"0"),IPRESS!$A$3:$B$212,2,0),"") -> CAMPORREDONDO | J13: 4838 | K13: =IFERROR(VLOOKUP(TEXT(O13,"0"),CONDUCTORES!$A$3:$G$100,7,0),"") | L13: 18.18 | M13: 25 | N13: =IFERROR(IF(L13*M13=0,"",L13*M13),"") -> 454.5 | P13: =IFERROR(VLOOKUP(TEXT(O13,"0"),CONDUCTORES!$A$3:$G$100,2,0),"") | Q13: =IFERROR(VLOOKUP(TEXT(O13,"0"),CONDUCTORES!$A$3:$H$100,6,0),"") | R13: ATENDIDO 10-04-2025 | S13: Z359,O680,Q209,O331 | U13: 45744 | V13: 0000108-ADENDA N° 001-2025DRSA/OEA.OABAST | W13: 0000108- ADENDA N°001-2025 DRSA/OEA-O.ABAST | X13: 256.0
A14: 9 | B14: 00000003 | C14: REGION | D14: CHUQUIMANGO DELGADO ANACELLY | E14: DNI | F14: 71825474 | G14: 45696 | H14: 4874 | I14: =IFERROR(VLOOKUP(TEXT(H14,"0"),IPRESS!$A$3:$B$212,2,0),"") -> COCOCHO | J14: 4838 | K14: =IFERROR(VLOOKUP(TEXT(O14,"0"),CONDUCTORES!$A$3:$G$100,7,0),"") | L14: 18.18 | M14: 30 | N14: =IFERROR(IF(L14*M14=0,"",L14*M14),"") -> 545.4 | P14: =IFERROR(VLOOKUP(TEXT(O14,"0"),CONDUCTORES!$A$3:$G$100,2,0),"") | Q14: =IFERROR(VLOOKUP(TEXT(O14,"0"),CONDUCTORES!$A$3:$H$100,6,0),"") | R14: ATENDIDO 30/04/2025 | S14: R103,O009 | U14: 45721 | V14: OFICIO 1716-2025 | W14: 0000108- ADENDA N°001-2025 DRSA/OEA-O.ABAST | X14: 256.0
A15: 10 | B15: 00000004 | C15: REGION | D15: DELGADO FERNANDEZ ANDREA SAJU | E15: DNI | F15: 60596890 | G15: 45700 | H15: 4874 | I15: =IFERROR(VLOOKUP(TEXT(H15,"0"),IPRESS!$A$3:$B$212,2,0),"") -> COCOCHO | J15: 5125 | K15: =IFERROR(VLOOKUP(TEXT(O15,"0"),CONDUCTORES!$A$3:$G$100,7,0),"") | L15: 18.18 | M15: 22 | N15: =IFERROR(IF(L15*M15=0,"",L15*M15),"") -> 399.96 | P15: =IFERROR(VLOOKUP(TEXT(O15,"0"),CONDUCTORES!$A$3:$G$100,2,0),"") | Q15: =IFERROR(VLOOKUP(TEXT(O15,"0"),CONDUCTORES!$A$3:$H$100,6,0),"") | R15: ATENDIDO 30/04/2025 | S15: Z359,O470 | U15: 45744 | V15: OFICIO 1716-2026 | W15: 0000108- ADENDA N°001-2025 DRSA/OEA-O.ABAST | X15: 256.0
A16: 11 | B16: 00000005 | C16: REGION | D16: HEREDIA TANTALEAN LUIS ENRIQUE | E16: DNI | F16: 78374131 | G16: 45703 | H16: 4874 | I16: =IFERROR(VLOOKUP(TEXT(H16,"0"),IPRESS!$A$3:$B$212,2,0),"") -> COCOCHO | J16: 4838 | K16: =IFERROR(VLOOKUP(TEXT(O16,"0"),CONDUCTORES!$A$3:$G$100,7,0),"") | L16: 18.18 | M16: 25 | N16: =IFERROR(IF(L16*M16=0,"",L16*M16),"") -> 454.5 | P16: =IFERROR(VLOOKUP(TEXT(O16,"0"),CONDUCTORES!$A$3:$G$100,2,0),"") | Q16: =IFERROR(VLOOKUP(TEXT(O16,"0"),CONDUCTORES!$A$3:$H$100,6,0),"") | R16: ATENDIDO 30/04/2025 | S16: T07X,S069,S369 | U16: 45727 | V16: OFICIO 1716-2027 | W16: 0000108- ADENDA N°001-2025 DRSA/OEA-O.ABAST | X16: 256.0
A17: 12 | B17: 00000006 | C17: REGION | D17: HOYOS INGA BEDERCITA | E17: DNI | F17: 74758278 | G17: 45704 | H17: 4874 | I17: =IFERROR(VLOOKUP(TEXT(H17,"0"),IPRESS!$A$3:$B$212,2,0),"") -> COCOCHO | J17: 4838 | K17: =IFERROR(VLOOKUP(TEXT(O17,"0"),CONDUCTORES!$A$3:$G$100,7,0),"") | L17: 18.18 | M17: 25 | N17: =IFERROR(IF(L17*M17=0,"",L17*M17),"") -> 454.5 | P17: =IFERROR(VLOOKUP(TEXT(O17,"0"),CONDUCTORES!$A$3:$G$100,2,0),"") | Q17: =IFERROR(VLOOKUP(TEXT(O17,"0"),CONDUCTORES!$A$3:$H$100,6,0),"") | R17: ATENDIDO 30/04/2025 | S17: D500,K922 | U17: 45707 | V17: OFICIO 1716-2028 | W17: 0000108- ADENDA N°001-2025 DRSA/OEA-O.ABAST | X17: 256.0
A18: 13 | B18: 00000014 | C18: REGION | D18: ALTAMIRANO BUSTAMANTE MARIA | E18: DNI | F18: 80403291 | G18: 45715 | H18: 4874 | I18: =IFERROR(VLOOKUP(TEXT(H18,"0"),IPRESS!$A$3:$B$212,2,0),"") -> COCOCHO | J18: 4838 | K18: =IFERROR(VLOOKUP(TEXT(O18,"0"),CONDUCTORES!$A$3:$G$100,7,0),"") | L18: 18.18 | M18: 28 | N18: =IFERROR(IF(L18*M18=0,"",L18*M18),"") -> 509.04 | P18: =IFERROR(VLOOKUP(TEXT(O18,"0"),CONDUCTORES!$A$3:$G$100,2,0),"") | Q18: =IFERROR(VLOOKUP(TEXT(O18,"0"),CONDUCTORES!$A$3:$H$100,6,0),"") | R18: ATENDIDO 17/06/2025 | S18: G409,G418,R739 | U18: 45744
A19: 14 | B19: 00000004 | C19: REGION | D19: QUITO YLIQUIN ANTONIA | E19: DNI | F19: 33406869 | G19: 45705 | H19: 4895 | I19: =IFERROR(VLOOKUP(TEXT(H19,"0"),IPRESS!$A$3:$B$212,2,0),"") -> COLCAMAR | J19: 4838 | K19: =IFERROR(VLOOKUP(TEXT(O19,"0"),CONDUCTORES!$A$3:$G$100,7,0),"") | L19: 18.18 | M19: 8 | N19: =IFERROR(IF(L19*M19=0,"",L19*M19),"") -> 145.44 | P19: =IFERROR(VLOOKUP(TEXT(O19,"0"),CONDUCTORES!$A$3:$G$100,2,0),"") | Q19: =IFERROR(VLOOKUP(TEXT(O19,"0"),CONDUCTORES!$A$3:$H$100,6,0),"") | R19: ATENDIDO 20/06/2025 | S19: K429,K566 | U19: 45716
A20: 15 | B20: 00000005 | C20: REGION | D20: ILIQUIN CHAVEZ JUANA | E20: DNI | F20: 47009588 | G20: 45708 | H20: 4895 | I20: =IFERROR(VLOOKUP(TEXT(H20,"0"),IPRESS!$A$3:$B$212,2,0),"") -> COLCAMAR | J20: 4838 | K20: =IFERROR(VLOOKUP(TEXT(O20,"0"),CONDUCTORES!$A$3:$G$100,7,0),"") | L20: 18.18 | M20: 8 | N20: =IFERROR(IF(L20*M20=0,"",L20*M20),"") -> 145.44 | P20: =IFERROR(VLOOKUP(TEXT(O20,"0"),CONDUCTORES!$A$3:$G$100,2,0),"") | Q20: =IFERROR(VLOOKUP(TEXT(O20,"0"),CONDUCTORES!$A$3:$H$100,6,0),"") | R20: ATENDIDO 20/06/2025 | S20: O268 | U20: 45716
A21: 16 | B21: 00000022 | C21: REGION | D21: MENDOZA ZUTA NELSI | E21: DNI | F21: 73758592 | G21: 45715 | H21: 4895 | I21: =IFERROR(VLOOKUP(TEXT(H21,"0"),IPRESS!$A$3:$B$212,2,0),"") -> COLCAMAR | J21: 4838 | K21: =IFERROR(VLOOKUP(TEXT(O21,"0"),CONDUCTORES!$A$3:$G$100,7,0),"") | L21: 18.18 | M21: 7 | N21: =IFERROR(IF(L21*M21=0,"",L21*M21),"") -> 127.26 | P21: =IFERROR(VLOOKUP(TEXT(O21,"0"),CONDUCTORES!$A$3:$G$100,2,0),"") | Q21: =IFERROR(VLOOKUP(TEXT(O21,"0"),CONDUCTORES!$A$3:$H$100,6,0),"") | R21: ATENDIDO 20/06/2025 | S21: O268 | U21: 45737
A22: 17 | B22: 00000004 | C22: REGION | D22: LOPEZ CIEZA OLGA MERCEDES | E22: DNI | F22: 45737334 | G22: 45693 | H22: 4843 | I22: =IFERROR(VLOOKUP(TEXT(H22,"0"),IPRESS!$A$3:$B$212,2,0),"") -> COLLONCE | J22: 4838 | K22: =IFERROR(VLOOKUP(TEXT(O22,"0"),CONDUCTORES!$A$3:$G$100,7,0),"") | L22: 18.18 | M22: 20 | N22: =IFERROR(IF(L22*M22=0,"",L22*M22),"") -> 363.6 | P22: =IFERROR(VLOOKUP(TEXT(O22,"0"),CONDUCTORES!$A$3:$G$100,2,0),"") | Q22: =IFERROR(VLOOKUP(TEXT(O22,"0"),CONDUCTORES!$A$3:$H$100,6,0),"") | R22: ATENDIDO 18/06/2025 | S22: K359 | U22: 45722
A23: 18 | B23: 00000005 | C23: REGION | D23: LOPEZ GUADALUPE NARDY FIORELA | E23: DNI | F23: 79521364 | G23: 45709 | H23: 4843 | I23: =IFERROR(VLOOKUP(TEXT(H23,"0"),IPRESS!$A$3:$B$212,2,0),"") -> COLLONCE | J23: 4838 | K23: =IFERROR(VLOOKUP(TEXT(O23,"0"),CONDUCTORES!$A$3:$G$100,7,0),"") | L23: 18.18 | M23: 20 | N23: =IFERROR(IF(L23*M23=0,"",L23*M23),"") -> 363.6 | P23: =IFERROR(VLOOKUP(TEXT(O23,"0"),CONDUCTORES!$A$3:$G$100,2,0),"") | Q23: =IFERROR(VLOOKUP(TEXT(O23,"0"),CONDUCTORES!$A$3:$H$100,6,0),"") | R23: ATENDIDO 18/06/2025 | S23: D610 | U23: 45736
A24: 19 | B24: 00000002 | C24: REGION | D24: MIRANDA FERNENDEZ MARIA MARIANA | E24: DNI | F24: 43967650 | G24: 45714 | H24: 4916 | I24: =IFERROR(VLOOKUP(TEXT(H24,"0"),IPRESS!$A$3:$B$212,2,0),"") -> COROSHA | J24: 4838 | K24: =IFERROR(VLOOKUP(TEXT(O24,"0"),CONDUCTORES!$A$3:$G$100,7,0),"") | L24: 18.18 | M24: 15 | N24: =IFERROR(IF(L24*M24=0,"",L24*M24),"") -> 272.7 | P24: =IFERROR(VLOOKUP(TEXT(O24,"0"),CONDUCTORES!$A$3:$G$100,2,0),"") | Q24: =IFERROR(VLOOKUP(TEXT(O24,"0"),CONDUCTORES!$A$3:$H$100,6,0),"") | R24: ATENDIDO 20/06/2025 | S24: Z359,O342 | U24: 45730
A25: 20 | B25: 00000001 | C25: REGION | D25: CHUGDEN LLATAS WILLIAN | E25: DNI | F25: 48598588 | G25: 45702 | H25: 4875 | I25: =IFERROR(VLOOKUP(TEXT(H25,"0"),IPRESS!$A$3:$B$212,2,0),"") -> GUADALUPE | J25: 4838 | K25: =IFERROR(VLOOKUP(TEXT(O25,"0"),CONDUCTORES!$A$3:$G$100,7,0),"") | L25: 18.18 | M25: 25 | N25: =IFERROR(IF(L25*M25=0,"",L25*M25),"") -> 454.5 | P25: =IFERROR(VLOOKUP(TEXT(O25,"0"),CONDUCTORES!$A$3:$G$100,2,0),"") | Q25: =IFERROR(VLOOKUP(TEXT(O25,"0"),CONDUCTORES!$A$3:$H$100,6,0),"") | R25: ATENDIDO 10-04-2025 | S25: K566,E86X,G710 | U25: 45737 | V25: 0000108-ADENDA N° 001-2025DRSA/OEA.OABAST | W25: 0000108- ADENDA N°001-2025 DRSA/OEA-O.ABAST | X25: 256.0
A26: 21 | B26: 00000001 | C26: REGION | D26: VARGAS TUESTA ROICER IVAN | E26: DNI | F26: 73178969 | G26: 45693 | H26: 4943 | I26: =IFERROR(VLOOKUP(TEXT(H26,"0"),IPRESS!$A$3:$B$212,2,0),"") -> HUAMBO | J26: 4950 | K26: =IFERROR(VLOOKUP(TEXT(O26,"0"),CONDUCTORES!$A$3:$G$100,7,0),"") | L26: 20.25 | M26: 3 | N26: =IFERROR(IF(L26*M26=0,"",L26*M26),"") -> 60.75 | P26: =IFERROR(VLOOKUP(TEXT(O26,"0"),CONDUCTORES!$A$3:$G$100,2,0),"") | Q26: =IFERROR(VLOOKUP(TEXT(O26,"0"),CONDUCTORES!$A$3:$H$100,6,0),"") | R26: ATENDIDO 25/06/2025 | S26: S829 | U26: 45737
A27: 22 | B27: 00000006 | C27: REGION | D27: HUAMAN HUAMAN FANNY | E27: DNI | F27: 60635505 | G27: 45689 | H27: 4905 | I27: =IFERROR(VLOOKUP(TEXT(H27,"0"),IPRESS!$A$3:$B$212,2,0),"") -> JALCA GRANDE | J27: 4838 | K27: =IFERROR(VLOOKUP(TEXT(O27,"0"),CONDUCTORES!$A$3:$G$100,7,0),"") | L27: 18.18 | M27: 8 | N27: =IFERROR(IF(L27*M27=0,"",L27*M27),"") -> 145.44 | P27: =IFERROR(VLOOKUP(TEXT(O27,"0"),CONDUCTORES!$A$3:$G$100,2,0),"") | Q27: =IFERROR(VLOOKUP(TEXT(O27,"0"),CONDUCTORES!$A$3:$H$100,6,0),"") | R27: ATENDIDO 19/06/2025 | S27: O639,Z359,P051 | U27: 45737
A28: 23 | B28: 00000001 | C28: REGION | D28: OCAMPO NUNCEVAY YURI | E28: DNI | F28: 43039840 | G28: 45694 | H28: 4917 | I28: =IFERROR(VLOOKUP(TEXT(H28,"0"),IPRESS!$A$3:$B$212,2,0),"") -> JUMBILLA | J28: 4828 | K28: =IFERROR(VLOOKUP(TEXT(O28,"0"),CONDUCTORES!$A$3:$G$100,7,0),"") | L28: 18.18 | M28: 15 | N28: =IFERROR(IF(L28*M28=0,"",L28*M28),"") -> 272.7 | P28: =IFERROR(VLOOKUP(TEXT(O28,"0"),CONDUCTORES!$A$3:$G$100,2,0),"") | Q28: =IFERROR(VLOOKUP(TEXT(O28,"0"),CONDUCTORES!$A$3:$H$100,6,0),"") | R28: ATENDIDO 25/04/2025 | S28: O13X,O149 | U28: 45721
A29: 24 | B29: 00000002 | C29: REGION | D29: CAVA MASLUCAN MARIA AMANDA | E29: DNI | F29: 33720114 | G29: 45702 | H29: 4917 | I29: =IFERROR(VLOOKUP(TEXT(H29,"0"),IPRESS!$A$3:$B$212,2,0),"") -> JUMBILLA | J29: 4838 | K29: =IFERROR(VLOOKUP(TEXT(O29,"0"),CONDUCTORES!$A$3:$G$100,7,0),"") | L29: 18.18 | M29: 15 | N29: =IFERROR(IF(L29*M29=0,"",L29*M29),"") -> 272.7 | P29: =IFERROR(VLOOKUP(TEXT(O29,"0"),CONDUCTORES!$A$3:$G$100,2,0),"") | Q29: =IFERROR(VLOOKUP(TEXT(O29,"0"),CONDUCTORES!$A$3:$H$100,6,0),"") | R29: ATENDIDO 25/04/2025 | S29: S700,S720 | U29: 45737
A30: 25 | B30: 00000012 | C30: REGION | D30: CRUZ PIZARRO GIOVANI | E30: DNI | F30: 46841357 | G30: 45692 | H30: 4850 | I30: =IFERROR(VLOOKUP(TEXT(H30,"0"),IPRESS!$A$3:$B$212,2,0),"") -> LAMUD | J30: 4838 | K30: =IFERROR(VLOOKUP(TEXT(O30,"0"),CONDUCTORES!$A$3:$G$100,7,0),"") | L30: 18.18 | M30: 4 | N30: =IFERROR(IF(L30*M30=0,"",L30*M30),"") -> 72.72 | P30: =IFERROR(VLOOKUP(TEXT(O30,"0"),CONDUCTORES!$A$3:$G$100,2,0),"") | Q30: =IFERROR(VLOOKUP(TEXT(O30,"0"),CONDUCTORES!$A$3:$H$100,6,0),"") | R30: ATENDIDO 16/05/2025 | S30: Z359,O629,O630 | U30: 45737
A31: 26 | B31: 00000013 | C31: REGION | D31: CHUMBE ROJAS MARIA CRUZ | E31: DNI | F31: 41396842 | G31: 45692 | H31: 4850 | I31: =IFERROR(VLOOKUP(TEXT(H31,"0"),IPRESS!$A$3:$B$212,2,0),"") -> LAMUD | J31: 4838 | K31: =IFERROR(VLOOKUP(TEXT(O31,"0"),CONDUCTORES!$A$3:$G$100,7,0),"") | L31: 18.18 | M31: 4 | N31: =IFERROR(IF(L31*M31=0,"",L31*M31),"") -> 72.72 | P31: =IFERROR(VLOOKUP(TEXT(O31,"0"),CONDUCTORES!$A$3:$G$100,2,0),"") | Q31: =IFERROR(VLOOKUP(TEXT(O31,"0"),CONDUCTORES!$A$3:$H$100,6,0),"") | R31: ATENDIDO 16/05/2025 | S31: R103,K37X | U31: 45727
A32: 27 | B32: 00000014 | C32: REGION | D32: FERNANDEZ POQUIS MAYELIT ISABEL | E32: DNI | F32: 75482623 | G32: 45707 | H32: 4850 | I32: =IFERROR(VLOOKUP(TEXT(H32,"0"),IPRESS!$A$3:$B$212,2,0),"") -> LAMUD | J32: 4838 | K32: =IFERROR(VLOOKUP(TEXT(O32,"0"),CONDUCTORES!$A$3:$G$100,7,0),"") | L32: 18.18 | M32: 4 | N32: =IFERROR(IF(L32*M32=0,"",L32*M32),"") -> 72.72 | P32: =IFERROR(VLOOKUP(TEXT(O32,"0"),CONDUCTORES!$A$3:$G$100,2,0),"") | Q32: =IFERROR(VLOOKUP(TEXT(O32,"0"),CONDUCTORES!$A$3:$H$100,6,0),"") | R32: ATENDIDO 16/05/2025 | S32: Z359,O600,O321 | U32: 45727
A33: 28 | B33: 00000010 | C33: REGION | D33: CORONADO GUEVARA ADITA MARILU | E33: DNI | F33: 60031072 | G33: 45699 | H33: 4859 | I33: =IFERROR(VLOOKUP(TEXT(H33,"0"),IPRESS!$A$3:$B$212,2,0),"") -> LEYMEBAMBA | J33: 4838 | K33: =IFERROR(VLOOKUP(TEXT(O33,"0"),CONDUCTORES!$A$3:$G$100,7,0),"") | L33: 18.18 | M33: 6 | N33: =IFERROR(IF(L33*M33=0,"",L33*M33),"") -> 109.08 | P33: =IFERROR(VLOOKUP(TEXT(O33,"0"),CONDUCTORES!$A$3:$G$100,2,0),"") | Q33: =IFERROR(VLOOKUP(TEXT(O33,"0"),CONDUCTORES!$A$3:$H$100,6,0),"") | R33: ATENDIDO 17/06/2025 | S33: Z359,629 | U33: 45709 | W33: CONTRATO N° 001-2025 DYT | X33: 285.0
A34: 29 | B34: 00000008 | C34: REGION | D34: ROJAS HERRERA JILMAN ROBERTO | E34: DNI | F34: 77377411 | G34: 45694 | H34: 4859 | I34: =IFERROR(VLOOKUP(TEXT(H34,"0"),IPRESS!$A$3:$B$212,2,0),"") -> LEYMEBAMBA | J34: 4838 | K34: =IFERROR(VLOOKUP(TEXT(O34,"0"),CONDUCTORES!$A$3:$G$100,7,0),"") | L34: 18.18 | M34: 6 | N34: =IFERROR(IF(L34*M34=0,"",L34*M34),"") -> 109.08 | P34: =IFERROR(VLOOKUP(TEXT(O34,"0"),CONDUCTORES!$A$3:$G$100,2,0),"") | Q34: =IFERROR(VLOOKUP(TEXT(O34,"0"),CONDUCTORES!$A$3:$H$100,6,0),"") | R34: ATENDIDO 17/06/2025 | S34: R104,K359 | U34: 45721 | W34: CONTRATO N° 001-2025 DYT | X34: 285.0
A35: 30 | B35: 00000009 | C35: REGION | D35: MARQUEZ RAMIREZ GABRIELA DEL PILAR | E35: DNI | F35: 74237437 | G35: 45696 | H35: 4859 | I35: =IFERROR(VLOOKUP(TEXT(H35,"0"),IPRESS!$A$3:$B$212,2,0),"") -> LEYMEBAMBA | J35: 4838 | K35: =IFERROR(VLOOKUP(TEXT(O35,"0"),CONDUCTORES!$A$3:$G$100,7,0),"") | L35: 18.18 | M35: 6 | N35: =IFERROR(IF(L35*M35=0,"",L35*M35),"") -> 109.08 | P35: =IFERROR(VLOOKUP(TEXT(O35,"0"),CONDUCTORES!$A$3:$G$100,2,0),"") | Q35: =IFERROR(VLOOKUP(TEXT(O35,"0"),CONDUCTORES!$A$3:$H$100,6,0),"") | R35: ATENDIDO 17/06/2025 | S35: O600 | U35: 45721 | W35: CONTRATO N° 001-2025 DYT | X35: 285.0
A36: 31 | B36: 00000007 | C36: REGION | D36: RODRIGUEZ CHAVEZ SANTOS | E36: DNI | F36: 43912225 | G36: 45693 | H36: 4859 | I36: =IFERROR(VLOOKUP(TEXT(H36,"0"),IPRESS!$A$3:$B$212,2,0),"") -> LEYMEBAMBA | J36: 4838 | K36: =IFERROR(VLOOKUP(TEXT(O36,"0"),CONDUCTORES!$A$3:$G$100,7,0),"") | L36: 18.18 | M36: 6 | N36: =IFERROR(IF(L36*M36=0,"",L36*M36),"") -> 109.08 | P36: =IFERROR(VLOOKUP(TEXT(O36,"0"),CONDUCTORES!$A$3:$G$100,2,0),"") | Q36: =IFERROR(VLOOKUP(TEXT(O36,"0"),CONDUCTORES!$A$3:$H$100,6,0),"") | R36: ATENDIDO 17/06/2025 | S36: R104,K359 | U36: 45737 | W36: CONTRATO N° 001-2025 DYT | X36: 285.0
A37: 32 | B37: 00000006 | C37: REGION | D37: BUSTAMANTE ATALAYA KEILITA ORTENCIA | E37: DNI | F37: 62006947 | G37: 45690 | H37: 4859 | I37: =IFERROR(VLOOKUP(TEXT(H37,"0"),IPRESS!$A$3:$B$212,2,0),"") -> LEYMEBAMBA | J37: 4838 | K37: =IFERROR(VLOOKUP(TEXT(O37,"0"),CONDUCTORES!$A$3:$G$100,7,0),"") | L37: 18.18 | M37: 6 | N37: =IFERROR(IF(L37*M37=0,"",L37*M37),"") -> 109.08 | P37: =IFERROR(VLOOKUP(TEXT(O37,"0"),CONDUCTORES!$A$3:$G$100,2,0),"") | Q37: =IFERROR(VLOOKUP(TEXT(O37,"0"),CONDUCTORES!$A$3:$H$100,6,0),"") | R37: ATENDIDO 17/06/2025 | S37: O470,Z359 | U37: 45737 | W37: CONTRATO N° 001-2025 DYT | X37: 285.0
A38: 33 | B38: 00000002 | C38: REGION | D38: LOPEZ HUAMAN TEODORICA DE JESUS | E38: DNI | F38: 33947133 | G38: 45708 | H38: 4955 | I38: =IFERROR(VLOOKUP(TEXT(H38,"0"),IPRESS!$A$3:$B$212,2,0),"") -> LIMABAMBA | J38: 4950 | K38: =IFERROR(VLOOKUP(TEXT(O38,"0"),CONDUCTORES!$A$3:$G$100,7,0),"") | L38: 20.25 | M38: 8 | N38: =IFERROR(IF(L38*M38=0,"",L38*M38),"") -> 162 | P38: =IFERROR(VLOOKUP(TEXT(O38,"0"),CONDUCTORES!$A$3:$G$100,2,0),"") | Q38: =IFERROR(VLOOKUP(TEXT(O38,"0"),CONDUCTORES!$A$3:$H$100,6,0),"") | R38: ATENDIDO 20/06/2025 | S38: D509,R101 | U38: 45729
A39: 34 | B39: 00000012 | C39: REGION | D39: AMPUERO ROJAS MIGUEL ROQUE | E39: DNI | F39: 33797700 | G39: 45700 | H39: 4866 | I39: =IFERROR(VLOOKUP(TEXT(H39,"0"),IPRESS!$A$3:$B$212,2,0),"") -> LUYA | J39: 4838 | K39: =IFERROR(VLOOKUP(TEXT(O39,"0"),CONDUCTORES!$A$3:$G$100,7,0),"") | L39: 18.18 | M39: 4 | N39: =IFERROR(IF(L39*M39=0,"",L39*M39),"") -> 72.72 | P39: =IFERROR(VLOOKUP(TEXT(O39,"0"),CONDUCTORES!$A$3:$G$100,2,0),"") | Q39: =IFERROR(VLOOKUP(TEXT(O39,"0"),CONDUCTORES!$A$3:$H$100,6,0),"") | R39: ATENDIDO 05/05/2025 | S39: J189,J960 | U39: 45720 | V39: OFICIO 1771-2025 | W39: 0000108- ADENDA N°001-2025 DRSA/OEA-O.ABAST | X39: 256.0
A40: 35 | B40: 00000013 | C40: REGION | D40: ROJAS BUELOT JEYLI MILAGROS | E40: DNI | F40: 76356648 | G40: 45696 | H40: 4866 | I40: =IFERROR(VLOOKUP(TEXT(H40,"0"),IPRESS!$A$3:$B$212,2,0),"") -> LUYA | J40: 4838 | K40: =IFERROR(VLOOKUP(TEXT(O40,"0"),CONDUCTORES!$A$3:$G$100,7,0),"") | L40: 18.18 | M40: 4 | N40: =IFERROR(IF(L40*M40=0,"",L40*M40),"") -> 72.72 | P40: =IFERROR(VLOOKUP(TEXT(O40,"0"),CONDUCTORES!$A$3:$G$100,2,0),"") | Q40: =IFERROR(VLOOKUP(TEXT(O40,"0"),CONDUCTORES!$A$3:$H$100,6,0),"") | R40: ATENDIDO 05/05/2025 | S40: O034 | U40: 45721 | V40: OFICIO 1771-2025 | W40: 0000108- ADENDA N°001-2025 DRSA/OEA-O.ABAST | X40: 256.0
A41: 36 | B41: 00000014 | C41: REGION | D41: CHOCA ROJAS SAMUEL | E41: DNI | F41: 72708247 | G41: 45702 | H41: 4866 | I41: =IFERROR(VLOOKUP(TEXT(H41,"0"),IPRESS!$A$3:$B$212,2,0),"") -> LUYA | J41: 4838 | K41: =IFERROR(VLOOKUP(TEXT(O41,"0"),CONDUCTORES!$A$3:$G$100,7,0),"") | L41: 18.18 | M41: 4 | N41: =IFERROR(IF(L41*M41=0,"",L41*M41),"") -> 72.72 | P41: =IFERROR(VLOOKUP(TEXT(O41,"0"),CONDUCTORES!$A$3:$G$100,2,0),"") | Q41: =IFERROR(VLOOKUP(TEXT(O41,"0"),CONDUCTORES!$A$3:$H$100,6,0),"") | R41: ATENDIDO 05/05/2025 | S41: R100,K359 | U41: 45737 | V41: OFICIO 1771-2025 | W41: 0000108- ADENDA N°001-2025 DRSA/OEA-O.ABAST | X41: 256.0
A42: 37 | B42: 00000015 | C42: REGION | D42: MEDINA CHALAS CELIA | E42: DNI | F42: 77073895 | G42: 45702 | H42: 4866 | I42: =IFERROR(VLOOKUP(TEXT(H42,"0"),IPRESS!$A$3:$B$212,2,0),"") -> LUYA | J42: 4838 | K42: =IFERROR(VLOOKUP(TEXT(O42,"0"),CONDUCTORES!$A$3:$G$100,7,0),"") | L42: 18.18 | M42: 4 | N42: =IFERROR(IF(L42*M42=0,"",L42*M42),"") -> 72.72 | P42: =IFERROR(VLOOKUP(TEXT(O42,"0"),CONDUCTORES!$A$3:$G$100,2,0),"") | Q42: =IFERROR(VLOOKUP(TEXT(O42,"0"),CONDUCTORES!$A$3:$H$100,6,0),"") | R42: ATENDIDO 05/05/2025 | S42: O639 | U42: 45737 | V42: OFICIO 1771-2025 | W42: 0000108- ADENDA N°001-2025 DRSA/OEA-O.ABAST | X42: 256.0
A43: 38 | B43: 00000016 | C43: REGION | D43: VILCA CHUQUIZUTA LLORDANI | E43: DNI | F43: 74412017 | G43: 45706 | H43: 4866 | I43: =IFERROR(VLOOKUP(TEXT(H43,"0"),IPRESS!$A$3:$B$212,2,0),"") -> LUYA | J43: 4838 | K43: =IFERROR(VLOOKUP(TEXT(O43,"0"),CONDUCTORES!$A$3:$G$100,7,0),"") | L43: 18.18 | M43: 4 | N43: =IFERROR(IF(L43*M43=0,"",L43*M43),"") -> 72.72 | P43: =IFERROR(VLOOKUP(TEXT(O43,"0"),CONDUCTORES!$A$3:$G$100,2,0),"") | Q43: =IFERROR(VLOOKUP(TEXT(O43,"0"),CONDUCTORES!$A$3:$H$100,6,0),"") | R43: ATENDIDO 05/05/2025 | S43: O801 | U43: 45720 | V43: OFICIO 1771-2025 | W43: 0000108- ADENDA N°001-2025 DRSA/OEA-O.ABAST | X43: 256.0
